rt,trial_type,trial_index,subject,group,stimType,stimNum,type,power_norm,distance_norm,imposition_norm,entitlement_norm,Gender,Native_Speaker,Age
24181,survey-multi-choice,2,10080,group2,high_entitlement,6,institution,7,2,2,6,Female,Yes,64
19543,survey-multi-choice,3,10080,group2,low_entitlement,3,relationship,7,4,3,6,Female,Yes,64
20410,survey-multi-choice,4,10080,group2,low_entitlement,1,interaction,6,6,5,5,Female,Yes,64
14102,survey-multi-choice,5,10080,group2,high_entitlement,4,relationship,6,7,6,7,Female,Yes,64
12748,survey-multi-choice,6,10080,group2,high_entitlement,2,interaction,6,6,5,7,Female,Yes,64
14805,survey-multi-choice,7,10080,group2,low_entitlement,9,urgency,5,5,5,6,Female,Yes,64
15807,survey-multi-choice,8,10080,group2,low_entitlement,5,institution,7,1,6,6,Female,Yes,64
17402,survey-multi-choice,9,10080,group2,high_entitlement,8,urgency,6,6,6,7,Female,Yes,64
18924,survey-multi-choice,10,10080,group2,high_entitlement,10,institution,7,1,1,7,Female,Yes,64
15815,survey-multi-choice,11,10080,group2,low_entitlement,7,urgency,5,6,6,6,Female,Yes,64
23887,survey-multi-choice,2,1077,group2,high_entitlement,6,institution,6,5,6,5,Male,Yes,31
12745,survey-multi-choice,3,1077,group2,low_entitlement,9,urgency,6,5,4,5,Male,Yes,31
6129,survey-multi-choice,4,1077,group2,low_entitlement,3,relationship,6,5,5,5,Male,Yes,31
4976,survey-multi-choice,5,1077,group2,low_entitlement,5,institution,4,5,6,6,Male,Yes,31
8352,survey-multi-choice,6,1077,group2,high_entitlement,10,institution,5,4,5,5,Male,Yes,31
8010,survey-multi-choice,7,1077,group2,low_entitlement,7,urgency,6,5,5,4,Male,Yes,31
11311,survey-multi-choice,8,1077,group2,high_entitlement,4,relationship,4,4,6,6,Male,Yes,31
4551,survey-multi-choice,9,1077,group2,low_entitlement,1,interaction,5,5,5,6,Male,Yes,31
7399,survey-multi-choice,10,1077,group2,high_entitlement,8,urgency,6,6,6,5,Male,Yes,31
4648,survey-multi-choice,11,1077,group2,high_entitlement,2,interaction,5,5,5,6,Male,Yes,31
7474,survey-multi-choice,2,11403,group1,high_entitlement,5,institution,5,6,7,6,Male,Yes,26
4768,survey-multi-choice,3,11403,group1,high_entitlement,7,urgency,5,6,6,7,Male,Yes,26
4825,survey-multi-choice,4,11403,group1,low_entitlement,2,interaction,6,5,6,7,Male,Yes,26
6183,survey-multi-choice,5,11403,group1,high_entitlement,9,urgency,7,6,6,7,Male,Yes,26
8121,survey-multi-choice,6,11403,group1,high_entitlement,1,interaction,6,6,5,6,Male,Yes,26
4744,survey-multi-choice,7,11403,group1,low_entitlement,8,urgency,7,6,6,7,Male,Yes,26
4745,survey-multi-choice,8,11403,group1,low_entitlement,4,relationship,6,6,6,6,Male,Yes,26
4784,survey-multi-choice,9,11403,group1,high_entitlement,3,relationship,6,6,6,7,Male,Yes,26
5639,survey-multi-choice,10,11403,group1,low_entitlement,10,institution,6,6,7,6,Male,Yes,26
4016,survey-multi-choice,11,11403,group1,low_entitlement,6,institution,6,6,7,6,Male,Yes,26
124703,survey-multi-choice,2,12881,group1,high_entitlement,5,institution,6,1,7,1,Male,Yes,28
18701,survey-multi-choice,3,12881,group1,low_entitlement,10,institution,5,1,2,6,Male,Yes,28
41190,survey-multi-choice,4,12881,group1,high_entitlement,9,urgency,2,6,4,5,Male,Yes,28
13554,survey-multi-choice,5,12881,group1,low_entitlement,8,urgency,2,6,3,3,Male,Yes,28
28126,survey-multi-choice,6,12881,group1,low_entitlement,6,institution,4,2,2,6,Male,Yes,28
31439,survey-multi-choice,7,12881,group1,high_entitlement,3,relationship,7,4,3,6,Male,Yes,28
62371,survey-multi-choice,8,12881,group1,high_entitlement,1,interaction,4,5,5,2,Male,Yes,28
27700,survey-multi-choice,9,12881,group1,low_entitlement,4,relationship,2,3,6,3,Male,Yes,28
47825,survey-multi-choice,10,12881,group1,low_entitlement,2,interaction,3,6,6,3,Male,Yes,28
11453,survey-multi-choice,11,12881,group1,high_entitlement,7,urgency,2,4,5,2,Male,Yes,28
20151,survey-multi-choice,2,14689,group1,low_entitlement,10,institution,4,1,2,6,Male,Yes,34
55805,survey-multi-choice,3,14689,group1,high_entitlement,1,interaction,4,4,2,7,Male,Yes,34
28154,survey-multi-choice,4,14689,group1,low_entitlement,4,relationship,6,3,NA,2,Male,Yes,34
14559,survey-multi-choice,5,14689,group1,high_entitlement,9,urgency,6,7,3,7,Male,Yes,34
12996,survey-multi-choice,6,14689,group1,low_entitlement,8,urgency,7,4,4,4,Male,Yes,34
14588,survey-multi-choice,7,14689,group1,low_entitlement,2,interaction,6,4,6,2,Male,Yes,34
15563,survey-multi-choice,8,14689,group1,high_entitlement,7,urgency,6,6,5,3,Male,Yes,34
80143,survey-multi-choice,9,14689,group1,high_entitlement,3,relationship,2,3,2,6,Male,Yes,34
58639,survey-multi-choice,10,14689,group1,high_entitlement,5,institution,7,1,5,7,Male,Yes,34
14317,survey-multi-choice,11,14689,group1,low_entitlement,6,institution,5,1,1,6,Male,Yes,34
72791,survey-multi-choice,2,16250,group2,low_entitlement,1,interaction,5,4,5,3,Female,Yes,64
77895,survey-multi-choice,3,16250,group2,high_entitlement,4,relationship,4,7,2,7,Female,Yes,64
34796,survey-multi-choice,4,16250,group2,low_entitlement,5,institution,7,1,7,1,Female,Yes,64
28094,survey-multi-choice,5,16250,group2,low_entitlement,7,urgency,7,5,5,4,Female,Yes,64
26577,survey-multi-choice,6,16250,group2,low_entitlement,9,urgency,5,6,2,6,Female,Yes,64
30169,survey-multi-choice,7,16250,group2,high_entitlement,2,interaction,7,5,6,6,Female,Yes,64
43511,survey-multi-choice,8,16250,group2,low_entitlement,3,relationship,7,2,6,4,Female,Yes,64
31216,survey-multi-choice,9,16250,group2,high_entitlement,10,institution,7,1,2,7,Female,Yes,64
30164,survey-multi-choice,10,16250,group2,high_entitlement,8,urgency,7,5,2,7,Female,Yes,64
25513,survey-multi-choice,11,16250,group2,high_entitlement,6,institution,7,1,1,7,Female,Yes,64
47668,survey-multi-choice,2,18500,group1,low_entitlement,10,institution,7,1,1,1,Female,Yes,26
55555,survey-multi-choice,3,18500,group1,high_entitlement,9,urgency,7,7,2,1,Female,Yes,26
61970,survey-multi-choice,4,18500,group1,high_entitlement,5,institution,7,1,1,7,Female,Yes,26
79884,survey-multi-choice,5,18500,group1,high_entitlement,3,relationship,7,1,3,3,Female,Yes,26
65932,survey-multi-choice,6,18500,group1,low_entitlement,4,relationship,7,1,7,1,Female,Yes,26
69980,survey-multi-choice,7,18500,group1,high_entitlement,1,interaction,7,3,3,1,Female,Yes,26
30035,survey-multi-choice,8,18500,group1,low_entitlement,6,institution,NA,1,1,1,Female,Yes,26
15524,survey-multi-choice,9,18500,group1,high_entitlement,7,urgency,7,7,7,1,Female,Yes,26
29732,survey-multi-choice,10,18500,group1,low_entitlement,2,interaction,7,3,7,2,Female,Yes,26
13115,survey-multi-choice,11,18500,group1,low_entitlement,8,urgency,7,2,7,1,Female,Yes,26
14015,survey-multi-choice,2,19510,group1,high_entitlement,3,relationship,1,4,1,7,Female,Yes,31
10324,survey-multi-choice,3,19510,group1,low_entitlement,10,institution,1,1,1,7,Female,Yes,31
9561,survey-multi-choice,4,19510,group1,low_entitlement,6,institution,2,1,1,7,Female,Yes,31
13427,survey-multi-choice,5,19510,group1,high_entitlement,9,urgency,4,7,1,7,Female,Yes,31
24492,survey-multi-choice,6,19510,group1,high_entitlement,1,interaction,4,6,1,7,Female,Yes,31
11646,survey-multi-choice,7,19510,group1,low_entitlement,4,relationship,7,4,5,4,Female,Yes,31
11272,survey-multi-choice,8,19510,group1,high_entitlement,7,urgency,4,7,7,6,Female,Yes,31
11952,survey-multi-choice,9,19510,group1,low_entitlement,8,urgency,4,7,4,3,Female,Yes,31
7742,survey-multi-choice,10,19510,group1,high_entitlement,5,institution,1,1,1,7,Female,Yes,31
14598,survey-multi-choice,11,19510,group1,low_entitlement,2,interaction,4,1,7,1,Female,Yes,31
17316,survey-multi-choice,2,19743,group1,high_entitlement,3,relationship,3,4,2,3,Male,Yes,33
5938,survey-multi-choice,3,19743,group1,low_entitlement,6,institution,5,4,3,2,Male,Yes,33
11906,survey-multi-choice,4,19743,group1,high_entitlement,7,urgency,6,4,5,5,Male,Yes,33
6569,survey-multi-choice,5,19743,group1,high_entitlement,1,interaction,4,4,4,3,Male,Yes,33
3737,survey-multi-choice,6,19743,group1,low_entitlement,8,urgency,4,5,3,4,Male,Yes,33
11661,survey-multi-choice,7,19743,group1,low_entitlement,2,interaction,6,3,5,3,Male,Yes,33
54370,survey-multi-choice,8,19743,group1,high_entitlement,9,urgency,4,5,3,6,Male,Yes,33
7780,survey-multi-choice,9,19743,group1,low_entitlement,4,relationship,4,3,4,3,Male,Yes,33
6374,survey-multi-choice,10,19743,group1,high_entitlement,5,institution,4,2,3,5,Male,Yes,33
14046,survey-multi-choice,11,19743,group1,low_entitlement,10,institution,3,1,2,4,Male,Yes,33
17333,survey-multi-choice,2,20500,group2,low_entitlement,3,relationship,5,5,4,5,Male,Yes,25
31107,survey-multi-choice,3,20500,group2,high_entitlement,8,urgency,6,6,4,7,Male,Yes,25
45972,survey-multi-choice,4,20500,group2,high_entitlement,10,institution,5,1,4,7,Male,Yes,25
43295,survey-multi-choice,5,20500,group2,high_entitlement,6,institution,7,2,5,7,Male,Yes,25
9721,survey-multi-choice,6,20500,group2,high_entitlement,2,interaction,6,7,6,7,Male,Yes,25
10317,survey-multi-choice,7,20500,group2,low_entitlement,9,urgency,5,6,3,7,Male,Yes,25
10466,survey-multi-choice,8,20500,group2,high_entitlement,4,relationship,4,7,6,6,Male,Yes,25
23677,survey-multi-choice,9,20500,group2,low_entitlement,1,interaction,6,5,7,5,Male,Yes,25
8702,survey-multi-choice,10,20500,group2,low_entitlement,7,urgency,6,7,5,6,Male,Yes,25
13883,survey-multi-choice,11,20500,group2,low_entitlement,5,institution,5,2,4,6,Male,Yes,25
33384,survey-multi-choice,2,20909,group2,high_entitlement,6,institution,7,1,1,7,Female,Yes,30
29235,survey-multi-choice,3,20909,group2,high_entitlement,8,urgency,7,5,2,7,Female,Yes,30
28587,survey-multi-choice,4,20909,group2,low_entitlement,1,interaction,6,4,6,2,Female,Yes,30
21483,survey-multi-choice,5,20909,group2,low_entitlement,9,urgency,4,6,5,1,Female,Yes,30
19805,survey-multi-choice,6,20909,group2,high_entitlement,4,relationship,5,7,6,6,Female,Yes,30
21836,survey-multi-choice,7,20909,group2,high_entitlement,2,interaction,7,5,7,4,Female,Yes,30
28333,survey-multi-choice,8,20909,group2,low_entitlement,3,relationship,7,1,6,2,Female,Yes,30
24137,survey-multi-choice,9,20909,group2,low_entitlement,7,urgency,4,5,6,3,Female,Yes,30
21482,survey-multi-choice,10,20909,group2,high_entitlement,10,institution,5,1,1,7,Female,Yes,30
19302,survey-multi-choice,11,20909,group2,low_entitlement,5,institution,5,1,1,7,Female,Yes,30
16153,survey-multi-choice,2,21090,group1,high_entitlement,7,urgency,6,7,6,7,Male,Yes,28
10734,survey-multi-choice,3,21090,group1,low_entitlement,10,institution,6,7,6,7,Male,Yes,28
9446,survey-multi-choice,4,21090,group1,low_entitlement,2,interaction,4,6,7,5,Male,Yes,28
12300,survey-multi-choice,5,21090,group1,high_entitlement,1,interaction,6,5,7,5,Male,Yes,28
12161,survey-multi-choice,6,21090,group1,high_entitlement,5,institution,6,7,6,7,Male,Yes,28
10783,survey-multi-choice,7,21090,group1,low_entitlement,8,urgency,6,7,5,6,Male,Yes,28
6399,survey-multi-choice,8,21090,group1,low_entitlement,4,relationship,6,7,6,7,Male,Yes,28
9990,survey-multi-choice,9,21090,group1,high_entitlement,3,relationship,7,6,7,6,Male,Yes,28
6431,survey-multi-choice,10,21090,group1,high_entitlement,9,urgency,5,6,5,7,Male,Yes,28
8258,survey-multi-choice,11,21090,group1,low_entitlement,6,institution,7,6,7,6,Male,Yes,28
45027,survey-multi-choice,2,2218,group1,high_entitlement,5,institution,5,1,5,6,Male,Yes,36
15738,survey-multi-choice,3,2218,group1,low_entitlement,6,institution,5,2,4,7,Male,Yes,36
39422,survey-multi-choice,4,2218,group1,low_entitlement,4,relationship,4,5,6,4,Male,Yes,36
31207,survey-multi-choice,5,2218,group1,high_entitlement,1,interaction,4,6,2,7,Male,Yes,36
32605,survey-multi-choice,6,2218,group1,low_entitlement,8,urgency,4,6,5,5,Male,Yes,36
12957,survey-multi-choice,7,2218,group1,high_entitlement,9,urgency,4,6,3,7,Male,Yes,36
12405,survey-multi-choice,8,2218,group1,high_entitlement,7,urgency,4,5,6,4,Male,Yes,36
15341,survey-multi-choice,9,2218,group1,low_entitlement,10,institution,4,1,2,7,Male,Yes,36
59957,survey-multi-choice,10,2218,group1,low_entitlement,2,interaction,5,6,6,1,Male,Yes,36
19256,survey-multi-choice,11,2218,group1,high_entitlement,3,relationship,5,5,2,7,Male,Yes,36
36901,survey-multi-choice,2,24013,group2,low_entitlement,5,institution,6,2,5,2,Male,Yes,39
28242,survey-multi-choice,3,24013,group2,low_entitlement,9,urgency,5,5,1,4,Male,Yes,39
29009,survey-multi-choice,4,24013,group2,low_entitlement,7,urgency,6,5,6,4,Male,Yes,39
23079,survey-multi-choice,5,24013,group2,high_entitlement,4,relationship,6,6,5,6,Male,Yes,39
27646,survey-multi-choice,6,24013,group2,low_entitlement,3,relationship,7,4,5,4,Male,Yes,39
19606,survey-multi-choice,7,24013,group2,high_entitlement,2,interaction,6,4,6,6,Male,Yes,39
25894,survey-multi-choice,8,24013,group2,high_entitlement,8,urgency,5,6,6,5,Male,Yes,39
17459,survey-multi-choice,9,24013,group2,high_entitlement,6,institution,7,3,5,6,Male,Yes,39
23144,survey-multi-choice,10,24013,group2,high_entitlement,10,institution,7,1,3,6,Male,Yes,39
51606,survey-multi-choice,11,24013,group2,low_entitlement,1,interaction,6,5,7,3,Male,Yes,39
38143,survey-multi-choice,2,25216,group1,high_entitlement,5,institution,7,1,1,7,Female,Yes,37
37629,survey-multi-choice,3,25216,group1,low_entitlement,6,institution,6,1,5,5,Female,Yes,37
40152,survey-multi-choice,4,25216,group1,low_entitlement,2,interaction,7,4,7,1,Female,Yes,37
26868,survey-multi-choice,5,25216,group1,high_entitlement,1,interaction,5,3,4,7,Female,Yes,37
28890,survey-multi-choice,6,25216,group1,high_entitlement,7,urgency,7,6,7,1,Female,Yes,37
18851,survey-multi-choice,7,25216,group1,high_entitlement,9,urgency,7,4,4,2,Female,Yes,37
48968,survey-multi-choice,8,25216,group1,high_entitlement,3,relationship,5,2,3,7,Female,Yes,37
13638,survey-multi-choice,9,25216,group1,low_entitlement,8,urgency,7,2,5,1,Female,Yes,37
29361,survey-multi-choice,10,25216,group1,low_entitlement,10,institution,6,1,2,7,Female,Yes,37
113455,survey-multi-choice,11,25216,group1,low_entitlement,4,relationship,7,1,7,1,Female,Yes,37
22268,survey-multi-choice,2,25386,group2,high_entitlement,2,interaction,5,4,6,6,Female,Yes,29
21232,survey-multi-choice,3,25386,group2,high_entitlement,10,institution,6,2,1,7,Female,Yes,29
14719,survey-multi-choice,4,25386,group2,high_entitlement,6,institution,7,2,2,7,Female,Yes,29
17888,survey-multi-choice,5,25386,group2,high_entitlement,8,urgency,6,6,5,6,Female,Yes,29
16573,survey-multi-choice,6,25386,group2,low_entitlement,5,institution,6,2,3,5,Female,Yes,29
6179,survey-multi-choice,7,25386,group2,high_entitlement,4,relationship,NA,NA,NA,NA,Female,Yes,29
11280,survey-multi-choice,8,25386,group2,low_entitlement,7,urgency,5,7,5,7,Female,Yes,29
17302,survey-multi-choice,9,25386,group2,low_entitlement,1,interaction,5,5,5,4,Female,Yes,29
16032,survey-multi-choice,10,25386,group2,low_entitlement,9,urgency,4,6,3,4,Female,Yes,29
11853,survey-multi-choice,11,25386,group2,low_entitlement,3,relationship,6,4,6,4,Female,Yes,29
25792,survey-multi-choice,2,27448,group1,high_entitlement,9,urgency,4,6,1,1,Male,Yes,30
31730,survey-multi-choice,3,27448,group1,high_entitlement,5,institution,7,1,1,1,Male,Yes,30
12438,survey-multi-choice,4,27448,group1,low_entitlement,8,urgency,4,6,5,4,Male,Yes,30
16186,survey-multi-choice,5,27448,group1,low_entitlement,6,institution,4,2,1,2,Male,Yes,30
161263,survey-multi-choice,6,27448,group1,high_entitlement,3,relationship,6,4,1,1,Male,Yes,30
24740,survey-multi-choice,7,27448,group1,low_entitlement,2,interaction,7,4,5,5,Male,Yes,30
23768,survey-multi-choice,8,27448,group1,high_entitlement,1,interaction,4,7,4,3,Male,Yes,30
15377,survey-multi-choice,9,27448,group1,high_entitlement,7,urgency,7,5,7,3,Male,Yes,30
24816,survey-multi-choice,10,27448,group1,low_entitlement,4,relationship,5,4,6,4,Male,Yes,30
30250,survey-multi-choice,11,27448,group1,low_entitlement,10,institution,3,1,1,1,Male,Yes,30
543159,survey-multi-choice,2,28240,group2,low_entitlement,1,interaction,4,4,4,4,Female,Yes,45
13310,survey-multi-choice,3,28240,group2,low_entitlement,5,institution,6,1,1,6,Female,Yes,45
13918,survey-multi-choice,4,28240,group2,low_entitlement,7,urgency,6,6,4,3,Female,Yes,45
72176,survey-multi-choice,5,28240,group2,high_entitlement,8,urgency,7,6,2,7,Female,Yes,45
17198,survey-multi-choice,6,28240,group2,low_entitlement,3,relationship,7,2,5,4,Female,Yes,45
12774,survey-multi-choice,7,28240,group2,low_entitlement,9,urgency,4,6,4,2,Female,Yes,45
11720,survey-multi-choice,8,28240,group2,high_entitlement,2,interaction,6,6,4,5,Female,Yes,45
14102,survey-multi-choice,9,28240,group2,high_entitlement,10,institution,7,1,1,7,Female,Yes,45
15122,survey-multi-choice,10,28240,group2,high_entitlement,4,relationship,4,7,1,7,Female,Yes,45
12425,survey-multi-choice,11,28240,group2,high_entitlement,6,institution,7,1,1,7,Female,Yes,45
33410,survey-multi-choice,2,29749,group2,high_entitlement,6,institution,4,6,5,4,Male,Yes,25
23810,survey-multi-choice,3,29749,group2,low_entitlement,1,interaction,5,6,4,6,Male,Yes,25
9334,survey-multi-choice,4,29749,group2,low_entitlement,9,urgency,5,6,5,6,Male,Yes,25
44147,survey-multi-choice,5,29749,group2,low_entitlement,3,relationship,5,6,5,6,Male,Yes,25
8901,survey-multi-choice,6,29749,group2,high_entitlement,10,institution,5,6,5,6,Male,Yes,25
3055,survey-multi-choice,7,29749,group2,high_entitlement,8,urgency,NA,NA,NA,NA,Male,Yes,25
11478,survey-multi-choice,8,29749,group2,low_entitlement,7,urgency,5,6,7,4,Male,Yes,25
7452,survey-multi-choice,9,29749,group2,high_entitlement,2,interaction,4,5,6,7,Male,Yes,25
9370,survey-multi-choice,10,29749,group2,high_entitlement,4,relationship,7,6,5,4,Male,Yes,25
10142,survey-multi-choice,11,29749,group2,low_entitlement,5,institution,4,5,6,7,Male,Yes,25
36367,survey-multi-choice,2,29944,group2,low_entitlement,9,urgency,6,5,4,5,Male,Yes,35
24917,survey-multi-choice,3,29944,group2,high_entitlement,4,relationship,6,7,6,5,Male,Yes,35
25957,survey-multi-choice,4,29944,group2,low_entitlement,5,institution,7,1,4,5,Male,Yes,35
67930,survey-multi-choice,5,29944,group2,low_entitlement,3,relationship,7,3,4,2,Male,Yes,35
27246,survey-multi-choice,6,29944,group2,low_entitlement,7,urgency,7,6,7,4,Male,Yes,35
39855,survey-multi-choice,7,29944,group2,high_entitlement,6,institution,7,1,7,1,Male,Yes,35
25541,survey-multi-choice,8,29944,group2,low_entitlement,1,interaction,6,6,6,5,Male,Yes,35
20101,survey-multi-choice,9,29944,group2,high_entitlement,2,interaction,4,6,3,1,Male,Yes,35
23789,survey-multi-choice,10,29944,group2,high_entitlement,10,institution,6,1,2,1,Male,Yes,35
35173,survey-multi-choice,11,29944,group2,high_entitlement,8,urgency,7,6,7,2,Male,Yes,35
21234,survey-multi-choice,2,32026,group1,high_entitlement,7,urgency,6,5,5,4,Male,Yes,30
17150,survey-multi-choice,3,32026,group1,low_entitlement,2,interaction,6,3,6,6,Male,Yes,30
15732,survey-multi-choice,4,32026,group1,low_entitlement,10,institution,3,2,2,2,Male,Yes,30
21348,survey-multi-choice,5,32026,group1,high_entitlement,1,interaction,4,4,2,2,Male,Yes,30
14316,survey-multi-choice,6,32026,group1,high_entitlement,9,urgency,6,6,2,1,Male,Yes,30
17004,survey-multi-choice,7,32026,group1,high_entitlement,3,relationship,3,3,3,2,Male,Yes,30
12358,survey-multi-choice,8,32026,group1,low_entitlement,4,relationship,5,4,6,5,Male,Yes,30
11165,survey-multi-choice,9,32026,group1,low_entitlement,8,urgency,5,5,5,3,Male,Yes,30
18130,survey-multi-choice,10,32026,group1,high_entitlement,5,institution,6,2,1,1,Male,Yes,30
16093,survey-multi-choice,11,32026,group1,low_entitlement,6,institution,2,2,2,1,Male,Yes,30
39071,survey-multi-choice,2,32078,group2,high_entitlement,2,interaction,4,5,3,3,Male,Yes,46
42488,survey-multi-choice,3,32078,group2,low_entitlement,1,interaction,5,5,5,4,Male,Yes,46
39103,survey-multi-choice,4,32078,group2,low_entitlement,9,urgency,4,6,1,2,Male,Yes,46
26503,survey-multi-choice,5,32078,group2,high_entitlement,4,relationship,4,7,2,1,Male,Yes,46
62471,survey-multi-choice,6,32078,group2,high_entitlement,10,institution,5,1,1,5,Male,Yes,46
38542,survey-multi-choice,7,32078,group2,low_entitlement,3,relationship,6,3,3,4,Male,Yes,46
50745,survey-multi-choice,8,32078,group2,high_entitlement,8,urgency,4,5,4,5,Male,Yes,46
23151,survey-multi-choice,9,32078,group2,low_entitlement,7,urgency,5,6,5,5,Male,Yes,46
30238,survey-multi-choice,10,32078,group2,high_entitlement,6,institution,5,2,2,7,Male,Yes,46
24496,survey-multi-choice,11,32078,group2,low_entitlement,5,institution,5,1,2,4,Male,Yes,46
32473,survey-multi-choice,2,33924,group1,high_entitlement,7,urgency,5,6,6,4,Male,Yes,25
29750,survey-multi-choice,3,33924,group1,low_entitlement,8,urgency,4,7,3,5,Male,Yes,25
29764,survey-multi-choice,4,33924,group1,high_entitlement,3,relationship,2,4,5,6,Male,Yes,25
21287,survey-multi-choice,5,33924,group1,high_entitlement,5,institution,4,2,2,7,Male,Yes,25
23582,survey-multi-choice,6,33924,group1,high_entitlement,9,urgency,5,5,3,5,Male,Yes,25
24975,survey-multi-choice,7,33924,group1,low_entitlement,6,institution,4,2,1,6,Male,Yes,25
23062,survey-multi-choice,8,33924,group1,low_entitlement,4,relationship,6,4,6,2,Male,Yes,25
24892,survey-multi-choice,9,33924,group1,low_entitlement,10,institution,3,1,2,7,Male,Yes,25
21527,survey-multi-choice,10,33924,group1,high_entitlement,1,interaction,4,5,3,7,Male,Yes,25
21272,survey-multi-choice,11,33924,group1,low_entitlement,2,interaction,7,7,7,1,Male,Yes,25
21263,survey-multi-choice,2,34342,group1,low_entitlement,4,relationship,6,3,6,2,Male,Yes,31
13562,survey-multi-choice,3,34342,group1,high_entitlement,1,interaction,4,5,2,6,Male,Yes,31
18198,survey-multi-choice,4,34342,group1,low_entitlement,10,institution,4,1,2,7,Male,Yes,31
15776,survey-multi-choice,5,34342,group1,low_entitlement,8,urgency,6,4,5,2,Male,Yes,31
16522,survey-multi-choice,6,34342,group1,high_entitlement,5,institution,6,4,1,7,Male,Yes,31
13082,survey-multi-choice,7,34342,group1,low_entitlement,2,interaction,7,3,7,1,Male,Yes,31
15783,survey-multi-choice,8,34342,group1,high_entitlement,7,urgency,7,5,7,1,Male,Yes,31
18198,survey-multi-choice,9,34342,group1,high_entitlement,9,urgency,6,5,3,5,Male,Yes,31
14282,survey-multi-choice,10,34342,group1,high_entitlement,3,relationship,2,4,5,5,Male,Yes,31
11738,survey-multi-choice,11,34342,group1,low_entitlement,6,institution,4,2,2,6,Male,Yes,31
93246,survey-multi-choice,2,3475,group1,low_entitlement,8,urgency,5,5,4,5,Male,No,36
410268,survey-multi-choice,3,3475,group1,low_entitlement,6,institution,5,2,3,5,Male,No,36
106053,survey-multi-choice,4,3475,group1,high_entitlement,3,relationship,6,4,5,4,Male,No,36
126872,survey-multi-choice,5,3475,group1,low_entitlement,4,relationship,4,5,6,5,Male,No,36
50981,survey-multi-choice,6,3475,group1,high_entitlement,1,interaction,5,6,2,6,Male,No,36
36355,survey-multi-choice,7,3475,group1,high_entitlement,7,urgency,5,6,5,6,Male,No,36
71274,survey-multi-choice,8,3475,group1,high_entitlement,5,institution,4,2,2,7,Male,No,36
111526,survey-multi-choice,9,3475,group1,low_entitlement,2,interaction,6,5,7,2,Male,No,36
46628,survey-multi-choice,10,3475,group1,high_entitlement,9,urgency,4,6,3,7,Male,No,36
84902,survey-multi-choice,11,3475,group1,low_entitlement,10,institution,4,1,1,7,Male,No,36
23418,survey-multi-choice,2,37431,group2,high_entitlement,2,interaction,5,6,2,6,Male,Yes,23
26003,survey-multi-choice,3,37431,group2,low_entitlement,1,interaction,7,4,6,2,Male,Yes,23
20116,survey-multi-choice,4,37431,group2,high_entitlement,4,relationship,5,7,2,6,Male,Yes,23
14962,survey-multi-choice,5,37431,group2,low_entitlement,9,urgency,2,7,1,7,Male,Yes,23
14832,survey-multi-choice,6,37431,group2,low_entitlement,7,urgency,6,5,4,2,Male,Yes,23
21530,survey-multi-choice,7,37431,group2,high_entitlement,8,urgency,7,7,1,5,Male,Yes,23
16180,survey-multi-choice,8,37431,group2,high_entitlement,10,institution,2,1,1,7,Male,Yes,23
18826,survey-multi-choice,9,37431,group2,high_entitlement,6,institution,2,1,1,7,Male,Yes,23
15187,survey-multi-choice,10,37431,group2,low_entitlement,3,relationship,7,3,4,1,Male,Yes,23
15026,survey-multi-choice,11,37431,group2,low_entitlement,5,institution,3,1,1,5,Male,Yes,23
38416,survey-multi-choice,2,37937,group1,high_entitlement,9,urgency,5,7,3,6,Male,Yes,39
30906,survey-multi-choice,3,37937,group1,low_entitlement,6,institution,5,2,2,6,Male,Yes,39
66499,survey-multi-choice,4,37937,group1,high_entitlement,3,relationship,2,5,4,5,Male,Yes,39
20312,survey-multi-choice,5,37937,group1,low_entitlement,2,interaction,6,5,6,1,Male,Yes,39
28526,survey-multi-choice,6,37937,group1,high_entitlement,5,institution,5,2,3,7,Male,Yes,39
19330,survey-multi-choice,7,37937,group1,low_entitlement,10,institution,5,2,3,6,Male,Yes,39
89434,survey-multi-choice,8,37937,group1,low_entitlement,4,relationship,5,4,5,3,Male,Yes,39
11879,survey-multi-choice,9,37937,group1,low_entitlement,8,urgency,5,6,4,2,Male,Yes,39
49921,survey-multi-choice,10,37937,group1,high_entitlement,7,urgency,5,6,5,2,Male,Yes,39
46354,survey-multi-choice,11,37937,group1,high_entitlement,1,interaction,3,5,3,5,Male,Yes,39
15290,survey-multi-choice,2,3826,group1,high_entitlement,7,urgency,4,5,6,5,Male,Yes,28
7270,survey-multi-choice,3,3826,group1,low_entitlement,4,relationship,5,6,NA,6,Male,Yes,28
7830,survey-multi-choice,4,3826,group1,high_entitlement,9,urgency,6,5,6,6,Male,Yes,28
14789,survey-multi-choice,5,3826,group1,low_entitlement,2,interaction,5,6,6,6,Male,Yes,28
7013,survey-multi-choice,6,3826,group1,low_entitlement,8,urgency,5,6,5,6,Male,Yes,28
5980,survey-multi-choice,7,3826,group1,low_entitlement,6,institution,6,5,6,5,Male,Yes,28
8964,survey-multi-choice,8,3826,group1,low_entitlement,10,institution,6,5,6,6,Male,Yes,28
7358,survey-multi-choice,9,3826,group1,high_entitlement,5,institution,6,5,5,6,Male,Yes,28
7120,survey-multi-choice,10,3826,group1,high_entitlement,1,interaction,5,6,5,6,Male,Yes,28
5045,survey-multi-choice,11,3826,group1,high_entitlement,3,relationship,6,5,6,6,Male,Yes,28
48868,survey-multi-choice,2,38293,group2,low_entitlement,3,relationship,3,3,6,7,Male,Yes,28
11763,survey-multi-choice,3,38293,group2,high_entitlement,10,institution,5,5,7,7,Male,Yes,28
11783,survey-multi-choice,4,38293,group2,high_entitlement,6,institution,7,7,5,4,Male,Yes,28
11171,survey-multi-choice,5,38293,group2,low_entitlement,9,urgency,5,6,5,7,Male,Yes,28
12461,survey-multi-choice,6,38293,group2,low_entitlement,7,urgency,7,6,6,7,Male,Yes,28
9257,survey-multi-choice,7,38293,group2,low_entitlement,5,institution,7,7,7,7,Male,Yes,28
330309,survey-multi-choice,8,38293,group2,low_entitlement,1,interaction,6,6,7,7,Male,Yes,28
7292,survey-multi-choice,9,38293,group2,high_entitlement,2,interaction,4,3,3,4,Male,Yes,28
5651,survey-multi-choice,10,38293,group2,high_entitlement,4,relationship,7,6,5,7,Male,Yes,28
30562,survey-multi-choice,11,38293,group2,high_entitlement,8,urgency,6,7,7,5,Male,Yes,28
18807,survey-multi-choice,2,38510,group2,high_entitlement,2,interaction,2,5,5,7,Female,Yes,25
17085,survey-multi-choice,3,38510,group2,low_entitlement,7,urgency,5,5,5,4,Female,Yes,25
21242,survey-multi-choice,4,38510,group2,low_entitlement,3,relationship,7,2,3,4,Female,Yes,25
9372,survey-multi-choice,5,38510,group2,low_entitlement,1,interaction,5,2,5,4,Female,Yes,25
13839,survey-multi-choice,6,38510,group2,high_entitlement,6,institution,6,1,5,5,Female,Yes,25
17055,survey-multi-choice,7,38510,group2,high_entitlement,4,relationship,4,7,2,7,Female,Yes,25
9805,survey-multi-choice,8,38510,group2,high_entitlement,8,urgency,4,5,4,5,Female,Yes,25
11070,survey-multi-choice,9,38510,group2,low_entitlement,5,institution,6,1,3,4,Female,Yes,25
13437,survey-multi-choice,10,38510,group2,low_entitlement,9,urgency,4,5,2,3,Female,Yes,25
8710,survey-multi-choice,11,38510,group2,high_entitlement,10,institution,6,1,5,5,Female,Yes,25
147677,survey-multi-choice,2,40239,group1,low_entitlement,2,interaction,6,5,3,1,Male,No,24
98140,survey-multi-choice,3,40239,group1,high_entitlement,9,urgency,7,7,1,7,Male,No,24
77335,survey-multi-choice,4,40239,group1,high_entitlement,1,interaction,3,6,2,6,Male,No,24
64979,survey-multi-choice,5,40239,group1,low_entitlement,4,relationship,5,3,4,1,Male,No,24
67281,survey-multi-choice,6,40239,group1,low_entitlement,6,institution,4,1,1,7,Male,No,24
60751,survey-multi-choice,7,40239,group1,high_entitlement,7,urgency,4,6,6,1,Male,No,24
49146,survey-multi-choice,8,40239,group1,high_entitlement,5,institution,4,1,1,7,Male,No,24
48060,survey-multi-choice,9,40239,group1,low_entitlement,10,institution,4,1,5,7,Male,No,24
59755,survey-multi-choice,10,40239,group1,high_entitlement,3,relationship,2,3,5,5,Male,No,24
33429,survey-multi-choice,11,40239,group1,low_entitlement,8,urgency,4,6,3,1,Male,No,24
9690,survey-multi-choice,2,41648,group1,high_entitlement,7,urgency,6,7,5,6,Male,Yes,28
7355,survey-multi-choice,3,41648,group1,low_entitlement,4,relationship,7,6,7,5,Male,Yes,28
10546,survey-multi-choice,4,41648,group1,high_entitlement,5,institution,7,5,7,6,Male,Yes,28
7895,survey-multi-choice,5,41648,group1,low_entitlement,8,urgency,6,7,6,7,Male,Yes,28
11176,survey-multi-choice,6,41648,group1,low_entitlement,2,interaction,7,6,7,6,Male,Yes,28
8258,survey-multi-choice,7,41648,group1,low_entitlement,6,institution,6,7,6,7,Male,Yes,28
11512,survey-multi-choice,8,41648,group1,high_entitlement,3,relationship,NA,6,7,6,Male,Yes,28
9984,survey-multi-choice,9,41648,group1,low_entitlement,10,institution,6,7,5,6,Male,Yes,28
8691,survey-multi-choice,10,41648,group1,high_entitlement,9,urgency,6,7,6,4,Male,Yes,28
6070,survey-multi-choice,11,41648,group1,high_entitlement,1,interaction,6,5,6,7,Male,Yes,28
99929,survey-multi-choice,2,427,group2,low_entitlement,1,interaction,5,5,6,4,Female,Yes,29
31983,survey-multi-choice,3,427,group2,high_entitlement,6,institution,7,1,3,7,Female,Yes,29
13577,survey-multi-choice,4,427,group2,high_entitlement,2,interaction,6,6,5,7,Female,Yes,29
38675,survey-multi-choice,5,427,group2,low_entitlement,9,urgency,4,7,2,7,Female,Yes,29
16087,survey-multi-choice,6,427,group2,low_entitlement,7,urgency,5,7,4,7,Female,Yes,29
13771,survey-multi-choice,7,427,group2,low_entitlement,5,institution,7,1,7,2,Female,Yes,29
40323,survey-multi-choice,8,427,group2,low_entitlement,3,relationship,7,2,5,7,Female,Yes,29
16702,survey-multi-choice,9,427,group2,high_entitlement,8,urgency,5,6,3,7,Female,Yes,29
26487,survey-multi-choice,10,427,group2,high_entitlement,4,relationship,5,7,1,7,Female,Yes,29
21423,survey-multi-choice,11,427,group2,high_entitlement,10,institution,7,1,5,7,Female,Yes,29
31023,survey-multi-choice,2,4323,group1,low_entitlement,10,institution,3,1,2,7,Male,Yes,31
22563,survey-multi-choice,3,4323,group1,low_entitlement,8,urgency,6,6,4,2,Male,Yes,31
21587,survey-multi-choice,4,4323,group1,high_entitlement,9,urgency,7,6,2,6,Male,Yes,31
15285,survey-multi-choice,5,4323,group1,high_entitlement,7,urgency,6,6,6,2,Male,Yes,31
18500,survey-multi-choice,6,4323,group1,low_entitlement,4,relationship,6,4,6,1,Male,Yes,31
25104,survey-multi-choice,7,4323,group1,low_entitlement,6,institution,5,1,2,6,Male,Yes,31
17270,survey-multi-choice,8,4323,group1,low_entitlement,2,interaction,7,6,6,1,Male,Yes,31
19699,survey-multi-choice,9,4323,group1,high_entitlement,3,relationship,2,5,6,5,Male,Yes,31
20841,survey-multi-choice,10,4323,group1,high_entitlement,1,interaction,4,5,3,6,Male,Yes,31
18158,survey-multi-choice,11,4323,group1,high_entitlement,5,institution,6,1,2,7,Male,Yes,31
27700,survey-multi-choice,2,43284,group1,low_entitlement,6,institution,1,1,1,7,Male,Yes,24
25047,survey-multi-choice,3,43284,group1,high_entitlement,9,urgency,7,7,4,4,Male,Yes,24
25641,survey-multi-choice,4,43284,group1,low_entitlement,2,interaction,7,4,7,1,Male,Yes,24
13158,survey-multi-choice,5,43284,group1,low_entitlement,4,relationship,7,4,7,1,Male,Yes,24
20864,survey-multi-choice,6,43284,group1,high_entitlement,3,relationship,1,4,7,4,Male,Yes,24
23578,survey-multi-choice,7,43284,group1,high_entitlement,1,interaction,4,7,7,7,Male,Yes,24
20002,survey-multi-choice,8,43284,group1,high_entitlement,5,institution,4,1,7,7,Male,Yes,24
15629,survey-multi-choice,9,43284,group1,high_entitlement,7,urgency,7,7,7,4,Male,Yes,24
11786,survey-multi-choice,10,43284,group1,low_entitlement,10,institution,1,1,1,7,Male,Yes,24
15709,survey-multi-choice,11,43284,group1,low_entitlement,8,urgency,7,4,4,1,Male,Yes,24
22042,survey-multi-choice,2,44313,group2,low_entitlement,5,institution,7,6,7,6,Female,No,26
8841,survey-multi-choice,3,44313,group2,high_entitlement,2,interaction,6,6,6,7,Female,No,26
340,survey-multi-choice,4,44313,group2,low_entitlement,7,urgency,NA,NA,NA,NA,Female,No,26
30413,survey-multi-choice,5,44313,group2,low_entitlement,3,relationship,7,6,6,7,Female,No,26
590,survey-multi-choice,6,44313,group2,low_entitlement,1,interaction,NA,NA,NA,NA,Female,No,26
189226,survey-multi-choice,7,44313,group2,low_entitlement,9,urgency,7,6,7,6,Female,No,26
20410,survey-multi-choice,8,44313,group2,high_entitlement,6,institution,7,6,7,6,Female,No,26
8954,survey-multi-choice,9,44313,group2,high_entitlement,8,urgency,6,7,6,6,Female,No,26
18994,survey-multi-choice,10,44313,group2,high_entitlement,4,relationship,7,5,5,6,Female,No,26
8698,survey-multi-choice,11,44313,group2,high_entitlement,10,institution,5,6,7,6,Female,No,26
39421,survey-multi-choice,2,44320,group2,low_entitlement,3,relationship,5,4,4,6,Male,Yes,27
25231,survey-multi-choice,3,44320,group2,high_entitlement,2,interaction,5,5,4,7,Male,Yes,27
19643,survey-multi-choice,4,44320,group2,low_entitlement,7,urgency,4,6,5,3,Male,Yes,27
33085,survey-multi-choice,5,44320,group2,high_entitlement,8,urgency,5,4,4,4,Male,Yes,27
33712,survey-multi-choice,6,44320,group2,low_entitlement,1,interaction,4,5,4,4,Male,Yes,27
26190,survey-multi-choice,7,44320,group2,low_entitlement,9,urgency,4,5,2,4,Male,Yes,27
30902,survey-multi-choice,8,44320,group2,high_entitlement,10,institution,5,2,3,7,Male,Yes,27
35528,survey-multi-choice,9,44320,group2,low_entitlement,5,institution,6,2,3,5,Male,Yes,27
20597,survey-multi-choice,10,44320,group2,high_entitlement,4,relationship,4,7,3,5,Male,Yes,27
94113,survey-multi-choice,11,44320,group2,high_entitlement,6,institution,7,1,3,5,Male,Yes,27
65812,survey-multi-choice,2,44956,group2,low_entitlement,7,urgency,4,7,6,6,Male,Yes,28
75275,survey-multi-choice,3,44956,group2,low_entitlement,5,institution,7,2,2,6,Male,Yes,28
52945,survey-multi-choice,4,44956,group2,low_entitlement,3,relationship,7,5,2,5,Male,Yes,28
19176,survey-multi-choice,5,44956,group2,high_entitlement,6,institution,7,4,5,3,Male,Yes,28
68612,survey-multi-choice,6,44956,group2,high_entitlement,8,urgency,7,7,6,6,Male,Yes,28
23055,survey-multi-choice,7,44956,group2,high_entitlement,2,interaction,3,7,2,7,Male,Yes,28
71415,survey-multi-choice,8,44956,group2,high_entitlement,10,institution,7,6,6,7,Male,Yes,28
35663,survey-multi-choice,9,44956,group2,low_entitlement,9,urgency,4,7,5,4,Male,Yes,28
88838,survey-multi-choice,10,44956,group2,low_entitlement,1,interaction,4,7,4,6,Male,Yes,28
15699,survey-multi-choice,11,44956,group2,high_entitlement,4,relationship,4,7,3,7,Male,Yes,28
28908,survey-multi-choice,2,4677,group2,low_entitlement,7,urgency,5,6,5,4,Female,Yes,45
26146,survey-multi-choice,3,4677,group2,high_entitlement,4,relationship,4,7,5,7,Female,Yes,45
21937,survey-multi-choice,4,4677,group2,high_entitlement,10,institution,5,1,3,7,Female,Yes,45
21103,survey-multi-choice,5,4677,group2,high_entitlement,8,urgency,5,6,4,6,Female,Yes,45
19239,survey-multi-choice,6,4677,group2,high_entitlement,2,interaction,5,6,5,7,Female,Yes,45
16562,survey-multi-choice,7,4677,group2,high_entitlement,6,institution,6,1,3,7,Female,Yes,45
22130,survey-multi-choice,8,4677,group2,low_entitlement,3,relationship,7,1,4,6,Female,Yes,45
14662,survey-multi-choice,9,4677,group2,low_entitlement,5,institution,7,1,5,5,Female,Yes,45
17102,survey-multi-choice,10,4677,group2,low_entitlement,9,urgency,4,6,2,6,Female,Yes,45
18265,survey-multi-choice,11,4677,group2,low_entitlement,1,interaction,5,3,6,3,Female,Yes,45
94819,survey-multi-choice,2,46809,group2,low_entitlement,9,urgency,4,6,1,1,Female,Yes,38
1090234,survey-multi-choice,3,46809,group2,low_entitlement,7,urgency,5,5,3,2,Female,Yes,38
33685,survey-multi-choice,4,46809,group2,high_entitlement,6,institution,6,2,3,2,Female,Yes,38
14950,survey-multi-choice,5,46809,group2,high_entitlement,4,relationship,6,7,5,4,Female,Yes,38
26045,survey-multi-choice,6,46809,group2,high_entitlement,10,institution,6,1,1,6,Female,Yes,38
21521,survey-multi-choice,7,46809,group2,low_entitlement,3,relationship,6,2,1,5,Female,Yes,38
36804,survey-multi-choice,8,46809,group2,high_entitlement,8,urgency,6,6,4,3,Female,Yes,38
23616,survey-multi-choice,9,46809,group2,low_entitlement,5,institution,5,1,6,2,Female,Yes,38
24666,survey-multi-choice,10,46809,group2,low_entitlement,1,interaction,4,6,5,3,Female,Yes,38
15601,survey-multi-choice,11,46809,group2,high_entitlement,2,interaction,4,7,6,5,Female,Yes,38
68402,survey-multi-choice,2,46820,group1,low_entitlement,6,institution,6,4,7,3,Male,Yes,30
41056,survey-multi-choice,3,46820,group1,high_entitlement,3,relationship,7,7,3,6,Male,Yes,30
37762,survey-multi-choice,4,46820,group1,low_entitlement,8,urgency,7,7,1,7,Male,Yes,30
20836,survey-multi-choice,5,46820,group1,high_entitlement,7,urgency,6,6,4,3,Male,Yes,30
27842,survey-multi-choice,6,46820,group1,low_entitlement,4,relationship,7,7,1,7,Male,Yes,30
20369,survey-multi-choice,7,46820,group1,high_entitlement,9,urgency,6,6,3,5,Male,Yes,30
14305,survey-multi-choice,8,46820,group1,low_entitlement,10,institution,7,7,4,4,Male,Yes,30
15634,survey-multi-choice,9,46820,group1,high_entitlement,1,interaction,5,4,4,4,Male,Yes,30
21638,survey-multi-choice,10,46820,group1,low_entitlement,2,interaction,4,4,4,4,Male,Yes,30
12385,survey-multi-choice,11,46820,group1,high_entitlement,5,institution,7,7,4,4,Male,Yes,30
4236,survey-multi-choice,2,47648,group1,low_entitlement,6,institution,5,6,6,7,Male,Yes,25
3835,survey-multi-choice,3,47648,group1,low_entitlement,8,urgency,5,6,5,6,Male,Yes,25
4051,survey-multi-choice,4,47648,group1,high_entitlement,7,urgency,6,5,5,6,Male,Yes,25
4793,survey-multi-choice,5,47648,group1,high_entitlement,9,urgency,6,6,5,6,Male,Yes,25
4917,survey-multi-choice,6,47648,group1,low_entitlement,10,institution,6,6,5,5,Male,Yes,25
4254,survey-multi-choice,7,47648,group1,high_entitlement,1,interaction,6,5,5,4,Male,Yes,25
6897,survey-multi-choice,8,47648,group1,high_entitlement,5,institution,5,6,5,6,Male,Yes,25
4231,survey-multi-choice,9,47648,group1,low_entitlement,4,relationship,6,5,5,6,Male,Yes,25
5837,survey-multi-choice,10,47648,group1,high_entitlement,3,relationship,6,5,5,6,Male,Yes,25
5881,survey-multi-choice,11,47648,group1,low_entitlement,2,interaction,6,5,5,6,Male,Yes,25
22991,survey-multi-choice,2,51200,group2,low_entitlement,1,interaction,5,6,5,4,Female,Yes,70
46464,survey-multi-choice,3,51200,group2,high_entitlement,2,interaction,6,6,5,5,Female,Yes,70
79746,survey-multi-choice,4,51200,group2,high_entitlement,6,institution,5,2,4,7,Female,Yes,70
11023,survey-multi-choice,5,51200,group2,low_entitlement,9,urgency,4,5,2,4,Female,Yes,70
18923,survey-multi-choice,6,51200,group2,high_entitlement,4,relationship,4,7,4,7,Female,Yes,70
59354,survey-multi-choice,7,51200,group2,low_entitlement,3,relationship,6,4,2,6,Female,Yes,70
9816,survey-multi-choice,8,51200,group2,low_entitlement,5,institution,4,2,5,5,Female,Yes,70
31165,survey-multi-choice,9,51200,group2,low_entitlement,7,urgency,5,5,5,5,Female,Yes,70
21367,survey-multi-choice,10,51200,group2,high_entitlement,10,institution,5,2,5,7,Female,Yes,70
40196,survey-multi-choice,11,51200,group2,high_entitlement,8,urgency,4,6,4,6,Female,Yes,70
45168,survey-multi-choice,2,51281,group1,low_entitlement,10,institution,4,2,3,5,Female,Yes,34
24334,survey-multi-choice,3,51281,group1,low_entitlement,8,urgency,5,4,3,4,Female,Yes,34
24500,survey-multi-choice,4,51281,group1,high_entitlement,7,urgency,6,4,6,2,Female,Yes,34
28505,survey-multi-choice,5,51281,group1,high_entitlement,5,institution,4,1,1,7,Female,Yes,34
37907,survey-multi-choice,6,51281,group1,high_entitlement,3,relationship,2,3,3,6,Female,Yes,34
28860,survey-multi-choice,7,51281,group1,low_entitlement,4,relationship,6,3,5,2,Female,Yes,34
18858,survey-multi-choice,8,51281,group1,low_entitlement,6,institution,4,1,1,7,Female,Yes,34
22895,survey-multi-choice,9,51281,group1,high_entitlement,9,urgency,5,4,1,6,Female,Yes,34
24274,survey-multi-choice,10,51281,group1,high_entitlement,1,interaction,3,4,3,4,Female,Yes,34
25003,survey-multi-choice,11,51281,group1,low_entitlement,2,interaction,6,4,4,2,Female,Yes,34
39457,survey-multi-choice,2,52984,group2,high_entitlement,8,urgency,6,5,2,7,Male,Yes,25
20876,survey-multi-choice,3,52984,group2,high_entitlement,6,institution,7,1,1,7,Male,Yes,25
23644,survey-multi-choice,4,52984,group2,low_entitlement,9,urgency,4,6,1,2,Male,Yes,25
27740,survey-multi-choice,5,52984,group2,low_entitlement,7,urgency,5,6,5,3,Male,Yes,25
21624,survey-multi-choice,6,52984,group2,high_entitlement,4,relationship,5,7,4,6,Male,Yes,25
23914,survey-multi-choice,7,52984,group2,high_entitlement,2,interaction,5,4,5,7,Male,Yes,25
23273,survey-multi-choice,8,52984,group2,low_entitlement,1,interaction,4,5,7,1,Male,Yes,25
15170,survey-multi-choice,9,52984,group2,high_entitlement,10,institution,7,1,2,7,Male,Yes,25
16537,survey-multi-choice,10,52984,group2,low_entitlement,5,institution,7,1,1,6,Male,Yes,25
16914,survey-multi-choice,11,52984,group2,low_entitlement,3,relationship,7,2,4,7,Male,Yes,25
24580,survey-multi-choice,2,53586,group2,high_entitlement,10,institution,5,1,1,7,Male,Yes,39
22721,survey-multi-choice,3,53586,group2,low_entitlement,3,relationship,7,1,3,6,Male,Yes,39
18584,survey-multi-choice,4,53586,group2,high_entitlement,4,relationship,3,7,1,7,Male,Yes,39
16909,survey-multi-choice,5,53586,group2,low_entitlement,9,urgency,1,7,1,6,Male,Yes,39
32966,survey-multi-choice,6,53586,group2,high_entitlement,2,interaction,4,6,4,7,Male,Yes,39
19120,survey-multi-choice,7,53586,group2,high_entitlement,6,institution,5,1,2,7,Male,Yes,39
27716,survey-multi-choice,8,53586,group2,low_entitlement,1,interaction,5,5,5,3,Male,Yes,39
19949,survey-multi-choice,9,53586,group2,low_entitlement,7,urgency,3,7,2,5,Male,Yes,39
13897,survey-multi-choice,10,53586,group2,low_entitlement,5,institution,7,1,4,7,Male,Yes,39
21982,survey-multi-choice,11,53586,group2,high_entitlement,8,urgency,5,7,4,6,Male,Yes,39
26352,survey-multi-choice,2,53991,group1,high_entitlement,7,urgency,7,7,NA,2,Male,Yes,21
309072,survey-multi-choice,3,53991,group1,high_entitlement,9,urgency,5,5,4,2,Male,Yes,21
48532,survey-multi-choice,4,53991,group1,high_entitlement,3,relationship,2,5,2,1,Male,Yes,21
22156,survey-multi-choice,5,53991,group1,high_entitlement,5,institution,7,1,1,1,Male,Yes,21
18204,survey-multi-choice,6,53991,group1,low_entitlement,10,institution,5,1,1,7,Male,Yes,21
20482,survey-multi-choice,7,53991,group1,low_entitlement,6,institution,2,2,1,1,Male,Yes,21
18171,survey-multi-choice,8,53991,group1,low_entitlement,4,relationship,7,3,5,3,Male,Yes,21
53042,survey-multi-choice,9,53991,group1,low_entitlement,2,interaction,7,5,6,6,Male,Yes,21
25103,survey-multi-choice,10,53991,group1,high_entitlement,1,interaction,2,5,2,7,Male,Yes,21
32106,survey-multi-choice,11,53991,group1,low_entitlement,8,urgency,6,6,5,5,Male,Yes,21
16442,survey-multi-choice,2,5681,group2,high_entitlement,4,relationship,4,7,5,6,Male,Yes,37
21292,survey-multi-choice,3,5681,group2,low_entitlement,9,urgency,4,5,6,4,Male,Yes,37
18753,survey-multi-choice,4,5681,group2,high_entitlement,10,institution,6,1,1,7,Male,Yes,37
15301,survey-multi-choice,5,5681,group2,low_entitlement,3,relationship,2,3,2,4,Male,Yes,37
16435,survey-multi-choice,6,5681,group2,high_entitlement,8,urgency,6,5,6,7,Male,Yes,37
14073,survey-multi-choice,7,5681,group2,low_entitlement,5,institution,1,1,1,7,Male,Yes,37
17841,survey-multi-choice,8,5681,group2,high_entitlement,2,interaction,6,4,5,7,Male,Yes,37
16413,survey-multi-choice,9,5681,group2,low_entitlement,7,urgency,3,5,5,2,Male,Yes,37
16834,survey-multi-choice,10,5681,group2,high_entitlement,6,institution,6,1,1,7,Male,Yes,37
22120,survey-multi-choice,11,5681,group2,low_entitlement,1,interaction,4,4,5,4,Male,Yes,37
36602,survey-multi-choice,2,57197,group1,low_entitlement,10,institution,1,1,1,7,Female,Yes,46
29353,survey-multi-choice,3,57197,group1,high_entitlement,9,urgency,7,6,2,6,Female,Yes,46
55225,survey-multi-choice,4,57197,group1,high_entitlement,3,relationship,1,3,1,7,Female,Yes,46
24622,survey-multi-choice,5,57197,group1,high_entitlement,5,institution,7,1,1,7,Female,Yes,46
32969,survey-multi-choice,6,57197,group1,high_entitlement,1,interaction,6,4,3,7,Female,Yes,46
38757,survey-multi-choice,7,57197,group1,high_entitlement,7,urgency,7,6,5,6,Female,Yes,46
35186,survey-multi-choice,8,57197,group1,low_entitlement,2,interaction,7,5,6,1,Female,Yes,46
21506,survey-multi-choice,9,57197,group1,low_entitlement,4,relationship,7,4,6,1,Female,Yes,46
14086,survey-multi-choice,10,57197,group1,low_entitlement,8,urgency,7,5,6,1,Female,Yes,46
12574,survey-multi-choice,11,57197,group1,low_entitlement,6,institution,3,1,1,7,Female,Yes,46
92199,survey-multi-choice,2,58559,group2,high_entitlement,8,urgency,5,6,3,1,Male,Yes,33
57904,survey-multi-choice,3,58559,group2,high_entitlement,4,relationship,5,7,2,2,Male,Yes,33
52223,survey-multi-choice,4,58559,group2,low_entitlement,7,urgency,6,5,6,6,Male,Yes,33
30032,survey-multi-choice,5,58559,group2,low_entitlement,9,urgency,3,5,3,4,Male,Yes,33
32394,survey-multi-choice,6,58559,group2,high_entitlement,2,interaction,7,4,7,1,Male,Yes,33
27206,survey-multi-choice,7,58559,group2,low_entitlement,5,institution,7,1,6,1,Male,Yes,33
41995,survey-multi-choice,8,58559,group2,high_entitlement,6,institution,7,2,4,1,Male,Yes,33
36325,survey-multi-choice,9,58559,group2,low_entitlement,1,interaction,6,5,5,6,Male,Yes,33
38482,survey-multi-choice,10,58559,group2,low_entitlement,3,relationship,7,2,3,2,Male,Yes,33
45518,survey-multi-choice,11,58559,group2,high_entitlement,10,institution,6,1,3,1,Male,Yes,33
16833,survey-multi-choice,2,60,group1,low_entitlement,6,institution,1,1,1,7,Male,Yes,25
19768,survey-multi-choice,3,60,group1,high_entitlement,9,urgency,1,5,1,7,Male,Yes,25
24725,survey-multi-choice,4,60,group1,high_entitlement,1,interaction,4,4,3,4,Male,Yes,25
15638,survey-multi-choice,5,60,group1,low_entitlement,8,urgency,1,2,4,1,Male,Yes,25
17458,survey-multi-choice,6,60,group1,low_entitlement,2,interaction,1,2,5,1,Male,Yes,25
21557,survey-multi-choice,7,60,group1,high_entitlement,7,urgency,1,5,6,1,Male,Yes,25
19764,survey-multi-choice,8,60,group1,low_entitlement,10,institution,7,1,1,7,Male,Yes,25
17023,survey-multi-choice,9,60,group1,high_entitlement,3,relationship,7,1,1,7,Male,Yes,25
15235,survey-multi-choice,10,60,group1,high_entitlement,5,institution,4,1,1,7,Male,Yes,25
59241,survey-multi-choice,11,60,group1,low_entitlement,4,relationship,1,2,3,1,Male,Yes,25
71365,survey-multi-choice,2,63215,group2,high_entitlement,4,relationship,5,6,5,6,Female,Yes,40
7766,survey-multi-choice,3,63215,group2,low_entitlement,5,institution,5,6,5,6,Female,Yes,40
18173,survey-multi-choice,4,63215,group2,high_entitlement,8,urgency,4,5,4,6,Female,Yes,40
7476,survey-multi-choice,5,63215,group2,low_entitlement,7,urgency,5,6,4,6,Female,Yes,40
10422,survey-multi-choice,6,63215,group2,high_entitlement,2,interaction,4,2,4,6,Female,Yes,40
8260,survey-multi-choice,7,63215,group2,low_entitlement,3,relationship,5,3,5,6,Female,Yes,40
6191,survey-multi-choice,8,63215,group2,high_entitlement,6,institution,4,5,6,4,Female,Yes,40
7029,survey-multi-choice,9,63215,group2,low_entitlement,9,urgency,4,5,6,4,Female,Yes,40
10197,survey-multi-choice,10,63215,group2,low_entitlement,1,interaction,5,6,5,4,Female,Yes,40
8441,survey-multi-choice,11,63215,group2,high_entitlement,10,institution,6,7,6,5,Female,Yes,40
75916,survey-multi-choice,2,64078,group1,low_entitlement,4,relationship,6,3,6,2,Male,Yes,62
70086,survey-multi-choice,3,64078,group1,low_entitlement,6,institution,2,2,1,7,Male,Yes,62
60947,survey-multi-choice,4,64078,group1,high_entitlement,3,relationship,1,5,1,7,Male,Yes,62
73366,survey-multi-choice,5,64078,group1,high_entitlement,9,urgency,4,4,1,6,Male,Yes,62
31369,survey-multi-choice,6,64078,group1,low_entitlement,8,urgency,4,5,2,1,Male,Yes,62
76536,survey-multi-choice,7,64078,group1,low_entitlement,2,interaction,6,5,5,2,Male,Yes,62
213389,survey-multi-choice,8,64078,group1,high_entitlement,7,urgency,4,6,3,1,Male,Yes,62
32496,survey-multi-choice,9,64078,group1,high_entitlement,1,interaction,4,5,2,7,Male,Yes,62
60584,survey-multi-choice,10,64078,group1,low_entitlement,10,institution,1,1,1,7,Male,Yes,62
69376,survey-multi-choice,11,64078,group1,high_entitlement,5,institution,2,1,1,7,Male,Yes,62
48247,survey-multi-choice,2,64576,group1,low_entitlement,10,institution,4,2,1,7,Female,Yes,25
28119,survey-multi-choice,3,64576,group1,low_entitlement,6,institution,3,3,1,7,Female,Yes,25
17129,survey-multi-choice,4,64576,group1,low_entitlement,8,urgency,6,5,6,4,Female,Yes,25
28471,survey-multi-choice,5,64576,group1,high_entitlement,9,urgency,4,7,4,7,Female,Yes,25
18503,survey-multi-choice,6,64576,group1,low_entitlement,2,interaction,6,5,7,3,Female,Yes,25
29015,survey-multi-choice,7,64576,group1,high_entitlement,1,interaction,4,4,3,7,Female,Yes,25
21435,survey-multi-choice,8,64576,group1,high_entitlement,5,institution,4,1,7,7,Female,Yes,25
18670,survey-multi-choice,9,64576,group1,high_entitlement,7,urgency,5,7,7,5,Female,Yes,25
24784,survey-multi-choice,10,64576,group1,high_entitlement,3,relationship,2,4,5,7,Female,Yes,25
32947,survey-multi-choice,11,64576,group1,low_entitlement,4,relationship,4,4,7,4,Female,Yes,25
47636,survey-multi-choice,2,65023,group1,high_entitlement,7,urgency,4,2,7,1,Female,Yes,NO
9646,survey-multi-choice,3,65023,group1,low_entitlement,8,urgency,3,7,4,7,Female,Yes,NO
17684,survey-multi-choice,4,65023,group1,high_entitlement,5,institution,1,4,3,6,Female,Yes,NO
8981,survey-multi-choice,5,65023,group1,high_entitlement,3,relationship,7,3,6,3,Female,Yes,NO
8091,survey-multi-choice,6,65023,group1,low_entitlement,10,institution,7,1,4,5,Female,Yes,NO
11345,survey-multi-choice,7,65023,group1,low_entitlement,4,relationship,2,2,6,3,Female,Yes,NO
15229,survey-multi-choice,8,65023,group1,low_entitlement,2,interaction,2,7,6,5,Female,Yes,NO
11710,survey-multi-choice,9,65023,group1,high_entitlement,1,interaction,5,4,6,4,Female,Yes,NO
16662,survey-multi-choice,10,65023,group1,high_entitlement,9,urgency,1,6,6,3,Female,Yes,NO
11712,survey-multi-choice,11,65023,group1,low_entitlement,6,institution,4,2,6,2,Female,Yes,NO
18923,survey-multi-choice,2,66877,group1,high_entitlement,3,relationship,1,5,3,7,Male,Yes,44
19224,survey-multi-choice,3,66877,group1,high_entitlement,1,interaction,4,4,4,6,Male,Yes,44
15611,survey-multi-choice,4,66877,group1,low_entitlement,4,relationship,5,4,6,3,Male,Yes,44
219911,survey-multi-choice,5,66877,group1,low_entitlement,6,institution,5,1,1,7,Male,Yes,44
23893,survey-multi-choice,6,66877,group1,high_entitlement,9,urgency,6,6,2,7,Male,Yes,44
92973,survey-multi-choice,7,66877,group1,low_entitlement,10,institution,7,1,1,7,Male,Yes,44
11616,survey-multi-choice,8,66877,group1,high_entitlement,5,institution,7,1,1,7,Male,Yes,44
18252,survey-multi-choice,9,66877,group1,low_entitlement,2,interaction,7,6,7,1,Male,Yes,44
15275,survey-multi-choice,10,66877,group1,high_entitlement,7,urgency,7,6,7,7,Male,Yes,44
10142,survey-multi-choice,11,66877,group1,low_entitlement,8,urgency,7,6,5,4,Male,Yes,44
11909,survey-multi-choice,2,67304,group2,high_entitlement,2,interaction,5,4,3,6,Male,Yes,28
14247,survey-multi-choice,3,67304,group2,low_entitlement,5,institution,2,3,4,6,Male,Yes,28
8063,survey-multi-choice,4,67304,group2,low_entitlement,7,urgency,4,3,4,3,Male,Yes,28
16078,survey-multi-choice,5,67304,group2,low_entitlement,1,interaction,2,3,6,2,Male,Yes,28
9646,survey-multi-choice,6,67304,group2,low_entitlement,3,relationship,2,2,3,2,Male,Yes,28
18992,survey-multi-choice,7,67304,group2,high_entitlement,8,urgency,2,3,2,6,Male,Yes,28
13158,survey-multi-choice,8,67304,group2,low_entitlement,9,urgency,4,4,3,3,Male,Yes,28
13492,survey-multi-choice,9,67304,group2,high_entitlement,4,relationship,4,6,3,6,Male,Yes,28
10126,survey-multi-choice,10,67304,group2,high_entitlement,10,institution,3,2,5,3,Male,Yes,28
13583,survey-multi-choice,11,67304,group2,high_entitlement,6,institution,6,2,4,6,Male,Yes,28
35229,survey-multi-choice,2,67619,group1,high_entitlement,9,urgency,3,5,1,7,Male,Yes,37
37080,survey-multi-choice,3,67619,group1,low_entitlement,8,urgency,2,1,3,2,Male,Yes,37
20928,survey-multi-choice,4,67619,group1,high_entitlement,3,relationship,4,3,5,4,Male,Yes,37
54689,survey-multi-choice,5,67619,group1,low_entitlement,10,institution,5,1,2,7,Male,Yes,37
25404,survey-multi-choice,6,67619,group1,low_entitlement,6,institution,4,4,2,6,Male,Yes,37
28214,survey-multi-choice,7,67619,group1,high_entitlement,1,interaction,3,5,5,4,Male,Yes,37
32288,survey-multi-choice,8,67619,group1,high_entitlement,7,urgency,7,5,7,4,Male,Yes,37
31975,survey-multi-choice,9,67619,group1,low_entitlement,4,relationship,6,6,5,4,Male,Yes,37
35429,survey-multi-choice,10,67619,group1,high_entitlement,5,institution,7,5,2,7,Male,Yes,37
24763,survey-multi-choice,11,67619,group1,low_entitlement,2,interaction,7,6,7,6,Male,Yes,37
107225,survey-multi-choice,2,6868,group2,high_entitlement,2,interaction,2,6,4,7,Male,Yes,65
93590,survey-multi-choice,3,6868,group2,low_entitlement,7,urgency,6,6,5,2,Male,Yes,65
77930,survey-multi-choice,4,6868,group2,high_entitlement,6,institution,6,1,1,7,Male,Yes,65
69713,survey-multi-choice,5,6868,group2,low_entitlement,9,urgency,3,6,1,1,Male,Yes,65
55994,survey-multi-choice,6,6868,group2,low_entitlement,3,relationship,6,1,2,5,Male,Yes,65
60443,survey-multi-choice,7,6868,group2,low_entitlement,5,institution,4,1,1,3,Male,Yes,65
80411,survey-multi-choice,8,6868,group2,low_entitlement,1,interaction,4,4,4,3,Male,Yes,65
42739,survey-multi-choice,9,6868,group2,high_entitlement,10,institution,5,1,2,7,Male,Yes,65
59522,survey-multi-choice,10,6868,group2,high_entitlement,8,urgency,5,4,4,7,Male,Yes,65
41268,survey-multi-choice,11,6868,group2,high_entitlement,4,relationship,4,7,2,7,Male,Yes,65
1934,survey-multi-choice,2,69256,group2,low_entitlement,5,institution,2,3,4,3,Male,Yes,22
2602,survey-multi-choice,3,69256,group2,high_entitlement,10,institution,3,7,7,1,Male,Yes,22
1639,survey-multi-choice,4,69256,group2,low_entitlement,1,interaction,3,2,5,2,Male,Yes,22
1515,survey-multi-choice,5,69256,group2,high_entitlement,4,relationship,7,3,2,3,Male,Yes,22
1509,survey-multi-choice,6,69256,group2,high_entitlement,6,institution,7,3,2,4,Male,Yes,22
1479,survey-multi-choice,7,69256,group2,high_entitlement,2,interaction,1,2,3,3,Male,Yes,22
1513,survey-multi-choice,8,69256,group2,low_entitlement,9,urgency,7,2,3,4,Male,Yes,22
1347,survey-multi-choice,9,69256,group2,low_entitlement,3,relationship,7,2,3,3,Male,Yes,22
1565,survey-multi-choice,10,69256,group2,high_entitlement,8,urgency,2,2,3,2,Male,Yes,22
1772,survey-multi-choice,11,69256,group2,low_entitlement,7,urgency,7,1,3,3,Male,Yes,22
23047,survey-multi-choice,2,69879,group1,low_entitlement,10,institution,3,1,2,7,Female,Yes,37
16118,survey-multi-choice,3,69879,group1,low_entitlement,6,institution,5,1,2,7,Female,Yes,37
17002,survey-multi-choice,4,69879,group1,low_entitlement,8,urgency,7,6,5,4,Female,Yes,37
22901,survey-multi-choice,5,69879,group1,high_entitlement,1,interaction,3,3,3,6,Female,Yes,37
17095,survey-multi-choice,6,69879,group1,high_entitlement,7,urgency,7,5,7,6,Female,Yes,37
18526,survey-multi-choice,7,69879,group1,high_entitlement,3,relationship,5,3,3,6,Female,Yes,37
15534,survey-multi-choice,8,69879,group1,high_entitlement,5,institution,7,1,1,7,Female,Yes,37
15201,survey-multi-choice,9,69879,group1,low_entitlement,4,relationship,6,3,6,4,Female,Yes,37
16205,survey-multi-choice,10,69879,group1,low_entitlement,2,interaction,7,5,7,2,Female,Yes,37
14823,survey-multi-choice,11,69879,group1,high_entitlement,9,urgency,7,6,2,7,Female,Yes,37
10051,survey-multi-choice,2,70392,group1,high_entitlement,1,interaction,6,4,5,5,Female,Yes,40
4337,survey-multi-choice,3,70392,group1,low_entitlement,10,institution,5,5,6,6,Female,Yes,40
5413,survey-multi-choice,4,70392,group1,low_entitlement,2,interaction,5,4,4,5,Female,Yes,40
5622,survey-multi-choice,5,70392,group1,low_entitlement,6,institution,3,4,4,5,Female,Yes,40
4667,survey-multi-choice,6,70392,group1,high_entitlement,9,urgency,6,5,5,5,Female,Yes,40
4155,survey-multi-choice,7,70392,group1,high_entitlement,3,relationship,6,6,6,6,Female,Yes,40
6040,survey-multi-choice,8,70392,group1,high_entitlement,7,urgency,5,5,5,5,Female,Yes,40
3929,survey-multi-choice,9,70392,group1,low_entitlement,8,urgency,6,7,6,6,Female,Yes,40
10576,survey-multi-choice,10,70392,group1,low_entitlement,4,relationship,6,6,4,7,Female,Yes,40
46524,survey-multi-choice,11,70392,group1,high_entitlement,5,institution,5,6,6,6,Female,Yes,40
19908,survey-multi-choice,2,71237,group2,high_entitlement,10,institution,7,1,1,7,Female,Yes,34
71851,survey-multi-choice,3,71237,group2,low_entitlement,5,institution,7,1,7,4,Female,Yes,34
50547,survey-multi-choice,4,71237,group2,high_entitlement,6,institution,7,1,5,4,Female,Yes,34
14188,survey-multi-choice,5,71237,group2,low_entitlement,3,relationship,7,1,7,4,Female,Yes,34
33308,survey-multi-choice,6,71237,group2,low_entitlement,9,urgency,4,4,7,1,Female,Yes,34
12032,survey-multi-choice,7,71237,group2,low_entitlement,7,urgency,7,3,7,4,Female,Yes,34
20200,survey-multi-choice,8,71237,group2,high_entitlement,4,relationship,7,7,7,4,Female,Yes,34
27682,survey-multi-choice,9,71237,group2,high_entitlement,8,urgency,7,4,7,4,Female,Yes,34
39266,survey-multi-choice,10,71237,group2,low_entitlement,1,interaction,7,1,7,1,Female,Yes,34
12968,survey-multi-choice,11,71237,group2,high_entitlement,2,interaction,7,4,7,1,Female,Yes,34
15929,survey-multi-choice,2,71803,group2,low_entitlement,5,institution,6,6,6,6,Male,Yes,26
13303,survey-multi-choice,3,71803,group2,low_entitlement,9,urgency,6,5,7,6,Male,Yes,26
10176,survey-multi-choice,4,71803,group2,high_entitlement,10,institution,5,4,6,5,Male,Yes,26
6392,survey-multi-choice,5,71803,group2,low_entitlement,1,interaction,5,5,5,6,Male,Yes,26
8599,survey-multi-choice,6,71803,group2,high_entitlement,8,urgency,4,5,6,7,Male,Yes,26
6927,survey-multi-choice,7,71803,group2,low_entitlement,7,urgency,6,4,6,6,Male,Yes,26
10745,survey-multi-choice,8,71803,group2,high_entitlement,6,institution,5,6,6,6,Male,Yes,26
15480,survey-multi-choice,9,71803,group2,high_entitlement,4,relationship,5,6,6,7,Male,Yes,26
8879,survey-multi-choice,10,71803,group2,low_entitlement,3,relationship,5,6,7,6,Male,Yes,26
6465,survey-multi-choice,11,71803,group2,high_entitlement,2,interaction,6,7,6,7,Male,Yes,26
26287,survey-multi-choice,2,73564,group1,low_entitlement,10,institution,3,1,2,7,Male,Yes,31
18473,survey-multi-choice,3,73564,group1,low_entitlement,8,urgency,6,5,6,3,Male,Yes,31
23271,survey-multi-choice,4,73564,group1,low_entitlement,2,interaction,6,5,7,1,Male,Yes,31
17602,survey-multi-choice,5,73564,group1,high_entitlement,7,urgency,7,6,6,3,Male,Yes,31
35186,survey-multi-choice,6,73564,group1,high_entitlement,3,relationship,7,3,3,7,Male,Yes,31
21838,survey-multi-choice,7,73564,group1,high_entitlement,5,institution,5,1,2,7,Male,Yes,31
19114,survey-multi-choice,8,73564,group1,low_entitlement,4,relationship,5,3,6,1,Male,Yes,31
23681,survey-multi-choice,9,73564,group1,high_entitlement,1,interaction,4,4,2,7,Male,Yes,31
17538,survey-multi-choice,10,73564,group1,low_entitlement,6,institution,5,1,3,6,Male,Yes,31
17165,survey-multi-choice,11,73564,group1,high_entitlement,9,urgency,5,6,2,5,Male,Yes,31
37955,survey-multi-choice,2,73690,group2,high_entitlement,10,institution,7,1,3,7,Female,Yes,31
14624,survey-multi-choice,3,73690,group2,low_entitlement,5,institution,7,1,5,4,Female,Yes,31
20048,survey-multi-choice,4,73690,group2,high_entitlement,4,relationship,7,7,4,7,Female,Yes,31
12758,survey-multi-choice,5,73690,group2,high_entitlement,8,urgency,7,7,4,7,Female,Yes,31
22667,survey-multi-choice,6,73690,group2,low_entitlement,1,interaction,7,6,5,5,Female,Yes,31
13326,survey-multi-choice,7,73690,group2,low_entitlement,3,relationship,7,5,5,7,Female,Yes,31
17796,survey-multi-choice,8,73690,group2,high_entitlement,6,institution,7,2,2,7,Female,Yes,31
15506,survey-multi-choice,9,73690,group2,low_entitlement,9,urgency,4,6,4,7,Female,Yes,31
11870,survey-multi-choice,10,73690,group2,high_entitlement,2,interaction,6,7,5,6,Female,Yes,31
34881,survey-multi-choice,11,73690,group2,low_entitlement,7,urgency,7,6,6,5,Female,Yes,31
44712,survey-multi-choice,2,73919,group2,low_entitlement,5,institution,6,2,7,3,Female,Yes,60
40169,survey-multi-choice,3,73919,group2,low_entitlement,3,relationship,6,1,3,7,Female,Yes,60
27919,survey-multi-choice,4,73919,group2,high_entitlement,2,interaction,4,4,5,6,Female,Yes,60
25742,survey-multi-choice,5,73919,group2,high_entitlement,4,relationship,4,7,4,7,Female,Yes,60
23195,survey-multi-choice,6,73919,group2,low_entitlement,7,urgency,5,4,7,5,Female,Yes,60
19862,survey-multi-choice,7,73919,group2,low_entitlement,1,interaction,4,4,6,6,Female,Yes,60
18865,survey-multi-choice,8,73919,group2,high_entitlement,6,institution,7,2,6,7,Female,Yes,60
30286,survey-multi-choice,9,73919,group2,low_entitlement,9,urgency,4,4,2,1,Female,Yes,60
19827,survey-multi-choice,10,73919,group2,high_entitlement,10,institution,5,1,3,7,Female,Yes,60
16699,survey-multi-choice,11,73919,group2,high_entitlement,8,urgency,4,4,7,7,Female,Yes,60
20550,survey-multi-choice,2,74054,group1,low_entitlement,10,institution,4,1,2,6,Male,Yes,30
16902,survey-multi-choice,3,74054,group1,low_entitlement,8,urgency,3,5,5,1,Male,Yes,30
10344,survey-multi-choice,4,74054,group1,low_entitlement,6,institution,4,2,1,6,Male,Yes,30
14311,survey-multi-choice,5,74054,group1,high_entitlement,1,interaction,4,4,4,3,Male,Yes,30
22622,survey-multi-choice,6,74054,group1,high_entitlement,5,institution,6,5,6,4,Male,Yes,30
11819,survey-multi-choice,7,74054,group1,high_entitlement,3,relationship,4,3,6,4,Male,Yes,30
12222,survey-multi-choice,8,74054,group1,high_entitlement,7,urgency,6,5,7,2,Male,Yes,30
12811,survey-multi-choice,9,74054,group1,high_entitlement,9,urgency,5,5,6,2,Male,Yes,30
9687,survey-multi-choice,10,74054,group1,low_entitlement,4,relationship,5,5,6,2,Male,Yes,30
7863,survey-multi-choice,11,74054,group1,low_entitlement,2,interaction,6,5,7,1,Male,Yes,30
27099,survey-multi-choice,2,75010,group2,high_entitlement,10,institution,7,7,7,7,Female,Yes,22
11116,survey-multi-choice,3,75010,group2,low_entitlement,7,urgency,6,6,6,6,Female,Yes,22
10963,survey-multi-choice,4,75010,group2,high_entitlement,8,urgency,7,7,7,7,Female,Yes,22
14570,survey-multi-choice,5,75010,group2,high_entitlement,4,relationship,7,7,6,7,Female,Yes,22
10532,survey-multi-choice,6,75010,group2,low_entitlement,9,urgency,7,7,7,7,Female,Yes,22
7590,survey-multi-choice,7,75010,group2,high_entitlement,6,institution,7,7,7,7,Female,Yes,22
6696,survey-multi-choice,8,75010,group2,low_entitlement,5,institution,7,7,7,7,Female,Yes,22
10773,survey-multi-choice,9,75010,group2,high_entitlement,2,interaction,7,7,7,7,Female,Yes,22
8463,survey-multi-choice,10,75010,group2,low_entitlement,1,interaction,7,7,7,7,Female,Yes,22
7228,survey-multi-choice,11,75010,group2,low_entitlement,3,relationship,7,7,7,7,Female,Yes,22
28906,survey-multi-choice,2,75117,group1,low_entitlement,2,interaction,5,4,4,3,Male,Yes,31
17572,survey-multi-choice,3,75117,group1,high_entitlement,1,interaction,6,4,5,5,Male,Yes,31
17986,survey-multi-choice,4,75117,group1,high_entitlement,7,urgency,4,5,2,3,Male,Yes,31
7726,survey-multi-choice,5,75117,group1,high_entitlement,9,urgency,4,3,3,4,Male,Yes,31
6682,survey-multi-choice,6,75117,group1,low_entitlement,10,institution,5,5,3,6,Male,Yes,31
8899,survey-multi-choice,7,75117,group1,low_entitlement,8,urgency,3,5,4,6,Male,Yes,31
12539,survey-multi-choice,8,75117,group1,low_entitlement,4,relationship,4,3,5,2,Male,Yes,31
18669,survey-multi-choice,9,75117,group1,low_entitlement,6,institution,4,1,3,5,Male,Yes,31
23473,survey-multi-choice,10,75117,group1,high_entitlement,5,institution,5,3,2,2,Male,Yes,31
10416,survey-multi-choice,11,75117,group1,high_entitlement,3,relationship,6,2,6,5,Male,Yes,31
15805,survey-multi-choice,2,75923,group2,high_entitlement,2,interaction,5,5,5,7,Male,Yes,18
680084,survey-multi-choice,3,75923,group2,high_entitlement,6,institution,6,3,3,6,Male,Yes,18
11572,survey-multi-choice,4,75923,group2,high_entitlement,8,urgency,4,5,5,5,Male,Yes,18
10147,survey-multi-choice,5,75923,group2,high_entitlement,10,institution,6,2,3,7,Male,Yes,18
10673,survey-multi-choice,6,75923,group2,low_entitlement,1,interaction,4,4,6,4,Male,Yes,18
10942,survey-multi-choice,7,75923,group2,low_entitlement,3,relationship,7,3,4,NA,Male,Yes,18
14290,survey-multi-choice,8,75923,group2,low_entitlement,7,urgency,6,7,7,4,Male,Yes,18
10649,survey-multi-choice,9,75923,group2,low_entitlement,9,urgency,4,5,3,4,Male,Yes,18
11876,survey-multi-choice,10,75923,group2,low_entitlement,5,institution,6,1,3,4,Male,Yes,18
29614,survey-multi-choice,11,75923,group2,high_entitlement,4,relationship,5,7,7,6,Male,Yes,18
86180,survey-multi-choice,2,76075,group1,high_entitlement,9,urgency,7,7,2,7,Male,Yes,24
31949,survey-multi-choice,3,76075,group1,high_entitlement,5,institution,6,1,6,7,Male,Yes,24
49550,survey-multi-choice,4,76075,group1,high_entitlement,7,urgency,7,6,7,7,Male,Yes,24
94987,survey-multi-choice,5,76075,group1,low_entitlement,6,institution,6,6,2,7,Male,Yes,24
22319,survey-multi-choice,6,76075,group1,low_entitlement,4,relationship,1,3,7,2,Male,Yes,24
27051,survey-multi-choice,7,76075,group1,high_entitlement,3,relationship,1,6,6,5,Male,Yes,24
18299,survey-multi-choice,8,76075,group1,low_entitlement,10,institution,5,1,4,7,Male,Yes,24
18965,survey-multi-choice,9,76075,group1,low_entitlement,8,urgency,4,6,4,7,Male,Yes,24
32635,survey-multi-choice,10,76075,group1,high_entitlement,1,interaction,1,5,7,7,Male,Yes,24
19664,survey-multi-choice,11,76075,group1,low_entitlement,2,interaction,6,6,7,1,Male,Yes,24
33456,survey-multi-choice,2,76124,group2,low_entitlement,1,interaction,6,5,6,4,Male,Yes,46
22554,survey-multi-choice,3,76124,group2,low_entitlement,3,relationship,7,3,6,3,Male,Yes,46
20745,survey-multi-choice,4,76124,group2,high_entitlement,6,institution,4,3,4,6,Male,Yes,46
22353,survey-multi-choice,5,76124,group2,high_entitlement,4,relationship,4,7,3,7,Male,Yes,46
20031,survey-multi-choice,6,76124,group2,low_entitlement,9,urgency,3,5,4,5,Male,Yes,46
17933,survey-multi-choice,7,76124,group2,low_entitlement,5,institution,6,4,6,3,Male,Yes,46
24402,survey-multi-choice,8,76124,group2,high_entitlement,8,urgency,6,4,5,5,Male,Yes,46
17537,survey-multi-choice,9,76124,group2,high_entitlement,2,interaction,6,5,7,2,Male,Yes,46
17609,survey-multi-choice,10,76124,group2,low_entitlement,7,urgency,6,4,6,3,Male,Yes,46
20128,survey-multi-choice,11,76124,group2,high_entitlement,10,institution,4,1,6,7,Male,Yes,46
101125,survey-multi-choice,2,77058,group2,low_entitlement,1,interaction,4,5,6,2,Male,Yes,32
40706,survey-multi-choice,3,77058,group2,high_entitlement,4,relationship,5,7,2,6,Male,Yes,32
31866,survey-multi-choice,4,77058,group2,low_entitlement,5,institution,6,1,2,3,Male,Yes,32
28633,survey-multi-choice,5,77058,group2,high_entitlement,2,interaction,2,5,2,7,Male,Yes,32
21376,survey-multi-choice,6,77058,group2,high_entitlement,6,institution,6,1,3,7,Male,Yes,32
29120,survey-multi-choice,7,77058,group2,high_entitlement,8,urgency,5,5,3,6,Male,Yes,32
28251,survey-multi-choice,8,77058,group2,low_entitlement,3,relationship,7,1,3,6,Male,Yes,32
25524,survey-multi-choice,9,77058,group2,high_entitlement,10,institution,5,1,2,7,Male,Yes,32
25126,survey-multi-choice,10,77058,group2,low_entitlement,9,urgency,4,6,1,3,Male,Yes,32
22669,survey-multi-choice,11,77058,group2,low_entitlement,7,urgency,5,6,6,2,Male,Yes,32
31543,survey-multi-choice,2,7825,group2,low_entitlement,9,urgency,4,7,2,2,Male,Yes,27
143547,survey-multi-choice,3,7825,group2,high_entitlement,8,urgency,6,7,1,7,Male,Yes,27
121579,survey-multi-choice,4,7825,group2,high_entitlement,10,institution,3,1,1,7,Male,Yes,27
18378,survey-multi-choice,5,7825,group2,high_entitlement,2,interaction,5,6,3,7,Male,Yes,27
109760,survey-multi-choice,6,7825,group2,low_entitlement,7,urgency,7,7,6,3,Male,Yes,27
62858,survey-multi-choice,7,7825,group2,high_entitlement,6,institution,1,1,1,7,Male,Yes,27
48201,survey-multi-choice,8,7825,group2,low_entitlement,1,interaction,6,4,6,2,Male,Yes,27
18284,survey-multi-choice,9,7825,group2,low_entitlement,3,relationship,6,3,2,5,Male,Yes,27
44283,survey-multi-choice,10,7825,group2,high_entitlement,4,relationship,1,7,1,7,Male,Yes,27
18094,survey-multi-choice,11,7825,group2,low_entitlement,5,institution,2,1,1,6,Male,Yes,27
24787,survey-multi-choice,2,78558,group1,low_entitlement,6,institution,5,1,1,7,Male,Yes,38
19904,survey-multi-choice,3,78558,group1,high_entitlement,7,urgency,7,6,6,4,Male,Yes,38
15339,survey-multi-choice,4,78558,group1,high_entitlement,5,institution,5,1,1,7,Male,Yes,38
20033,survey-multi-choice,5,78558,group1,low_entitlement,2,interaction,7,5,7,2,Male,Yes,38
15251,survey-multi-choice,6,78558,group1,low_entitlement,10,institution,5,1,1,7,Male,Yes,38
22202,survey-multi-choice,7,78558,group1,high_entitlement,3,relationship,2,4,5,6,Male,Yes,38
15844,survey-multi-choice,8,78558,group1,low_entitlement,8,urgency,7,5,5,3,Male,Yes,38
15149,survey-multi-choice,9,78558,group1,high_entitlement,9,urgency,7,6,1,7,Male,Yes,38
24733,survey-multi-choice,10,78558,group1,high_entitlement,1,interaction,4,4,5,7,Male,Yes,38
19635,survey-multi-choice,11,78558,group1,low_entitlement,4,relationship,7,4,6,3,Male,Yes,38
25730,survey-multi-choice,2,78789,group2,high_entitlement,8,urgency,2,5,2,1,Male,Yes,32
10610,survey-multi-choice,3,78789,group2,low_entitlement,1,interaction,3,4,4,1,Male,Yes,32
18679,survey-multi-choice,4,78789,group2,low_entitlement,5,institution,1,1,1,1,Male,Yes,32
27211,survey-multi-choice,5,78789,group2,low_entitlement,7,urgency,2,6,3,2,Male,Yes,32
7642,survey-multi-choice,6,78789,group2,high_entitlement,10,institution,2,2,3,2,Male,Yes,32
5242,survey-multi-choice,7,78789,group2,high_entitlement,2,interaction,3,3,2,1,Male,Yes,32
12562,survey-multi-choice,8,78789,group2,low_entitlement,3,relationship,3,3,1,1,Male,Yes,32
5898,survey-multi-choice,9,78789,group2,high_entitlement,4,relationship,1,1,1,1,Male,Yes,32
17978,survey-multi-choice,10,78789,group2,high_entitlement,6,institution,5,2,1,1,Male,Yes,32
5845,survey-multi-choice,11,78789,group2,low_entitlement,9,urgency,3,3,2,1,Male,Yes,32
20608,survey-multi-choice,2,79032,group1,high_entitlement,3,relationship,2,4,3,6,Male,Yes,36
17391,survey-multi-choice,3,79032,group1,low_entitlement,4,relationship,4,4,5,2,Male,Yes,36
15497,survey-multi-choice,4,79032,group1,low_entitlement,2,interaction,4,5,6,2,Male,Yes,36
16268,survey-multi-choice,5,79032,group1,high_entitlement,1,interaction,4,6,3,6,Male,Yes,36
13354,survey-multi-choice,6,79032,group1,high_entitlement,9,urgency,4,6,2,7,Male,Yes,36
9578,survey-multi-choice,7,79032,group1,low_entitlement,8,urgency,4,5,3,3,Male,Yes,36
17128,survey-multi-choice,8,79032,group1,high_entitlement,5,institution,4,1,1,7,Male,Yes,36
11186,survey-multi-choice,9,79032,group1,high_entitlement,7,urgency,4,6,4,7,Male,Yes,36
15347,survey-multi-choice,10,79032,group1,low_entitlement,10,institution,3,1,2,6,Male,Yes,36
13142,survey-multi-choice,11,79032,group1,low_entitlement,6,institution,4,2,2,6,Male,Yes,36
19096,survey-multi-choice,2,81964,group1,high_entitlement,9,urgency,5,6,2,2,Female,Yes,27
19920,survey-multi-choice,3,81964,group1,low_entitlement,8,urgency,6,4,5,4,Female,Yes,27
23087,survey-multi-choice,4,81964,group1,low_entitlement,10,institution,2,1,2,7,Female,Yes,27
21533,survey-multi-choice,5,81964,group1,high_entitlement,7,urgency,6,6,6,5,Female,Yes,27
14478,survey-multi-choice,6,81964,group1,low_entitlement,2,interaction,6,4,6,2,Female,Yes,27
16093,survey-multi-choice,7,81964,group1,high_entitlement,5,institution,3,1,2,7,Female,Yes,27
16536,survey-multi-choice,8,81964,group1,low_entitlement,6,institution,3,2,1,7,Female,Yes,27
21528,survey-multi-choice,9,81964,group1,low_entitlement,4,relationship,4,3,6,2,Female,Yes,27
20200,survey-multi-choice,10,81964,group1,high_entitlement,1,interaction,4,3,3,7,Female,Yes,27
13876,survey-multi-choice,11,81964,group1,high_entitlement,3,relationship,1,5,5,7,Female,Yes,27
126497,survey-multi-choice,2,82356,group2,high_entitlement,10,institution,5,1,1,7,Male,Yes,33
272775,survey-multi-choice,3,82356,group2,low_entitlement,7,urgency,7,5,5,2,Male,Yes,33
34469,survey-multi-choice,4,82356,group2,high_entitlement,8,urgency,6,5,2,6,Male,Yes,33
23522,survey-multi-choice,5,82356,group2,low_entitlement,1,interaction,6,4,5,1,Male,Yes,33
106044,survey-multi-choice,6,82356,group2,low_entitlement,9,urgency,4,5,4,1,Male,Yes,33
254711,survey-multi-choice,7,82356,group2,low_entitlement,3,relationship,7,2,2,3,Male,Yes,33
17537,survey-multi-choice,8,82356,group2,high_entitlement,4,relationship,4,7,2,6,Male,Yes,33
260925,survey-multi-choice,9,82356,group2,high_entitlement,6,institution,5,1,2,7,Male,Yes,33
16222,survey-multi-choice,10,82356,group2,high_entitlement,2,interaction,5,5,3,7,Male,Yes,33
20730,survey-multi-choice,11,82356,group2,low_entitlement,5,institution,3,1,2,4,Male,Yes,33
22983,survey-multi-choice,2,83255,group2,high_entitlement,10,institution,4,1,3,1,Female,Yes,36
25410,survey-multi-choice,3,83255,group2,high_entitlement,2,interaction,7,5,6,6,Female,Yes,36
16120,survey-multi-choice,4,83255,group2,low_entitlement,3,relationship,7,2,5,4,Female,Yes,36
14515,survey-multi-choice,5,83255,group2,low_entitlement,7,urgency,7,6,4,5,Female,Yes,36
18312,survey-multi-choice,6,83255,group2,low_entitlement,1,interaction,7,5,5,6,Female,Yes,36
14445,survey-multi-choice,7,83255,group2,low_entitlement,9,urgency,7,7,3,7,Female,Yes,36
17473,survey-multi-choice,8,83255,group2,high_entitlement,8,urgency,6,7,4,2,Female,Yes,36
16827,survey-multi-choice,9,83255,group2,low_entitlement,5,institution,7,1,2,2,Female,Yes,36
14055,survey-multi-choice,10,83255,group2,high_entitlement,6,institution,6,1,3,2,Female,Yes,36
13333,survey-multi-choice,11,83255,group2,high_entitlement,4,relationship,5,7,4,3,Female,Yes,36
32301,survey-multi-choice,2,8435,group2,high_entitlement,2,interaction,2,6,1,7,Female,Yes,43
44078,survey-multi-choice,3,8435,group2,high_entitlement,6,institution,7,1,5,7,Female,Yes,43
20710,survey-multi-choice,4,8435,group2,low_entitlement,5,institution,6,1,6,3,Female,Yes,43
43322,survey-multi-choice,5,8435,group2,high_entitlement,4,relationship,4,7,5,6,Female,Yes,43
36019,survey-multi-choice,6,8435,group2,low_entitlement,9,urgency,6,6,2,2,Female,Yes,43
30721,survey-multi-choice,7,8435,group2,high_entitlement,8,urgency,6,6,5,7,Female,Yes,43
18130,survey-multi-choice,8,8435,group2,low_entitlement,7,urgency,7,5,6,1,Female,Yes,43
30575,survey-multi-choice,9,8435,group2,high_entitlement,10,institution,7,1,1,7,Female,Yes,43
26263,survey-multi-choice,10,8435,group2,low_entitlement,1,interaction,5,5,6,2,Female,Yes,43
36585,survey-multi-choice,11,8435,group2,low_entitlement,3,relationship,7,2,3,6,Female,Yes,43
45097,survey-multi-choice,2,85921,group2,low_entitlement,3,relationship,5,5,1,5,Male,Yes,31
22296,survey-multi-choice,3,85921,group2,low_entitlement,7,urgency,6,6,1,6,Male,Yes,31
15278,survey-multi-choice,4,85921,group2,low_entitlement,9,urgency,6,6,1,6,Male,Yes,31
13545,survey-multi-choice,5,85921,group2,high_entitlement,4,relationship,6,6,1,4,Male,Yes,31
13099,survey-multi-choice,6,85921,group2,low_entitlement,1,interaction,6,6,1,6,Male,Yes,31
12056,survey-multi-choice,7,85921,group2,high_entitlement,2,interaction,1,6,7,1,Male,Yes,31
14425,survey-multi-choice,8,85921,group2,high_entitlement,6,institution,6,6,1,6,Male,Yes,31
12499,survey-multi-choice,9,85921,group2,high_entitlement,10,institution,6,6,1,6,Male,Yes,31
11525,survey-multi-choice,10,85921,group2,low_entitlement,5,institution,5,6,1,6,Male,Yes,31
10409,survey-multi-choice,11,85921,group2,high_entitlement,8,urgency,6,6,1,6,Male,Yes,31
26364,survey-multi-choice,2,86292,group1,high_entitlement,3,relationship,5,4,2,4,Prefer not to say,Yes,19
26491,survey-multi-choice,3,86292,group1,high_entitlement,7,urgency,6,6,6,1,Prefer not to say,Yes,19
14460,survey-multi-choice,4,86292,group1,low_entitlement,8,urgency,6,4,3,1,Prefer not to say,Yes,19
61910,survey-multi-choice,5,86292,group1,low_entitlement,4,relationship,4,3,7,1,Prefer not to say,Yes,19
11588,survey-multi-choice,6,86292,group1,high_entitlement,5,institution,1,1,1,7,Prefer not to say,Yes,19
26364,survey-multi-choice,7,86292,group1,high_entitlement,1,interaction,4,4,2,7,Prefer not to say,Yes,19
26931,survey-multi-choice,8,86292,group1,low_entitlement,2,interaction,3,4,6,1,Prefer not to say,Yes,19
10068,survey-multi-choice,9,86292,group1,low_entitlement,6,institution,6,1,1,7,Prefer not to say,Yes,19
22915,survey-multi-choice,10,86292,group1,low_entitlement,10,institution,6,1,1,7,Prefer not to say,Yes,19
27340,survey-multi-choice,11,86292,group1,high_entitlement,9,urgency,1,6,1,7,Prefer not to say,Yes,19
28072,survey-multi-choice,2,86305,group1,high_entitlement,9,urgency,6,7,1,1,Male,Yes,46
17607,survey-multi-choice,3,86305,group1,low_entitlement,10,institution,3,2,2,2,Male,Yes,46
17323,survey-multi-choice,4,86305,group1,high_entitlement,7,urgency,6,6,4,2,Male,Yes,46
18650,survey-multi-choice,5,86305,group1,high_entitlement,5,institution,4,3,1,1,Male,Yes,46
21133,survey-multi-choice,6,86305,group1,high_entitlement,1,interaction,4,6,2,1,Male,Yes,46
17402,survey-multi-choice,7,86305,group1,low_entitlement,8,urgency,5,7,3,2,Male,Yes,46
15362,survey-multi-choice,8,86305,group1,low_entitlement,4,relationship,4,4,4,3,Male,Yes,46
19477,survey-multi-choice,9,86305,group1,low_entitlement,6,institution,3,3,1,1,Male,Yes,46
20954,survey-multi-choice,10,86305,group1,high_entitlement,3,relationship,2,5,4,4,Male,Yes,46
20097,survey-multi-choice,11,86305,group1,low_entitlement,2,interaction,5,6,5,3,Male,Yes,46
6945,survey-multi-choice,2,87152,group1,low_entitlement,10,institution,5,4,3,5,Male,Yes,27
7059,survey-multi-choice,3,87152,group1,high_entitlement,7,urgency,5,4,3,6,Male,Yes,27
5603,survey-multi-choice,4,87152,group1,high_entitlement,3,relationship,6,4,3,5,Male,Yes,27
6967,survey-multi-choice,5,87152,group1,low_entitlement,6,institution,6,4,3,5,Male,Yes,27
6139,survey-multi-choice,6,87152,group1,high_entitlement,1,interaction,6,3,4,6,Male,Yes,27
5608,survey-multi-choice,7,87152,group1,high_entitlement,9,urgency,6,4,3,5,Male,Yes,27
42986,survey-multi-choice,8,87152,group1,high_entitlement,5,institution,5,4,3,5,Male,Yes,27
5604,survey-multi-choice,9,87152,group1,low_entitlement,4,relationship,5,3,4,6,Male,Yes,27
4884,survey-multi-choice,10,87152,group1,low_entitlement,2,interaction,5,3,4,5,Male,Yes,27
20305,survey-multi-choice,11,87152,group1,low_entitlement,8,urgency,6,4,5,4,Male,Yes,27
8091,survey-multi-choice,2,87353,group1,low_entitlement,2,interaction,5,3,6,4,Male,Yes,29
12717,survey-multi-choice,3,87353,group1,high_entitlement,7,urgency,4,6,3,6,Male,Yes,29
9247,survey-multi-choice,4,87353,group1,low_entitlement,10,institution,5,2,5,5,Male,Yes,29
32664,survey-multi-choice,5,87353,group1,low_entitlement,6,institution,3,6,4,4,Male,Yes,29
5715,survey-multi-choice,6,87353,group1,high_entitlement,9,urgency,5,3,6,4,Male,Yes,29
9242,survey-multi-choice,7,87353,group1,high_entitlement,1,interaction,6,3,6,3,Male,Yes,29
11450,survey-multi-choice,8,87353,group1,high_entitlement,3,relationship,3,3,6,4,Male,Yes,29
5787,survey-multi-choice,9,87353,group1,high_entitlement,5,institution,5,3,5,3,Male,Yes,29
7373,survey-multi-choice,10,87353,group1,low_entitlement,8,urgency,5,3,3,5,Male,Yes,29
8234,survey-multi-choice,11,87353,group1,low_entitlement,4,relationship,5,3,3,6,Male,Yes,29
29826,survey-multi-choice,2,88039,group2,high_entitlement,4,relationship,5,5,5,6,Male,Yes,72
12248,survey-multi-choice,3,88039,group2,low_entitlement,7,urgency,5,6,5,5,Male,Yes,72
9442,survey-multi-choice,4,88039,group2,low_entitlement,5,institution,6,5,6,6,Male,Yes,72
9115,survey-multi-choice,5,88039,group2,low_entitlement,1,interaction,5,6,6,6,Male,Yes,72
7822,survey-multi-choice,6,88039,group2,high_entitlement,8,urgency,5,5,6,5,Male,Yes,72
9127,survey-multi-choice,7,88039,group2,low_entitlement,3,relationship,5,5,6,5,Male,Yes,72
6639,survey-multi-choice,8,88039,group2,high_entitlement,6,institution,6,6,5,6,Male,Yes,72
5762,survey-multi-choice,9,88039,group2,low_entitlement,9,urgency,5,5,6,6,Male,Yes,72
8210,survey-multi-choice,10,88039,group2,high_entitlement,10,institution,5,6,6,6,Male,Yes,72
8858,survey-multi-choice,11,88039,group2,high_entitlement,2,interaction,5,5,5,6,Male,Yes,72
64137,survey-multi-choice,2,88182,group1,low_entitlement,4,relationship,5,4,5,6,Male,Yes,31
69824,survey-multi-choice,3,88182,group1,low_entitlement,8,urgency,5,4,5,6,Male,Yes,31
37585,survey-multi-choice,4,88182,group1,low_entitlement,10,institution,7,1,4,4,Male,Yes,31
125618,survey-multi-choice,5,88182,group1,low_entitlement,2,interaction,5,4,6,5,Male,Yes,31
12242,survey-multi-choice,6,88182,group1,high_entitlement,5,institution,7,5,6,5,Male,Yes,31
30373,survey-multi-choice,7,88182,group1,high_entitlement,1,interaction,6,5,4,5,Male,Yes,31
70432,survey-multi-choice,8,88182,group1,high_entitlement,3,relationship,5,4,5,6,Male,Yes,31
34179,survey-multi-choice,9,88182,group1,high_entitlement,7,urgency,1,6,5,2,Male,Yes,31
52255,survey-multi-choice,10,88182,group1,low_entitlement,6,institution,4,3,4,6,Male,Yes,31
10637,survey-multi-choice,11,88182,group1,high_entitlement,9,urgency,6,5,4,5,Male,Yes,31
21432,survey-multi-choice,2,88657,group2,low_entitlement,1,interaction,5,4,5,3,Female,Yes,30
14434,survey-multi-choice,3,88657,group2,high_entitlement,2,interaction,5,4,4,7,Female,Yes,30
12871,survey-multi-choice,4,88657,group2,high_entitlement,10,institution,4,5,4,4,Female,Yes,30
15811,survey-multi-choice,5,88657,group2,low_entitlement,5,institution,3,5,5,4,Female,Yes,30
16307,survey-multi-choice,6,88657,group2,high_entitlement,8,urgency,4,3,5,5,Female,Yes,30
19353,survey-multi-choice,7,88657,group2,low_entitlement,3,relationship,7,4,5,4,Female,Yes,30
26774,survey-multi-choice,8,88657,group2,high_entitlement,4,relationship,4,7,4,7,Female,Yes,30
17062,survey-multi-choice,9,88657,group2,low_entitlement,7,urgency,6,4,5,4,Female,Yes,30
16034,survey-multi-choice,10,88657,group2,high_entitlement,6,institution,7,4,3,4,Female,Yes,30
18604,survey-multi-choice,11,88657,group2,low_entitlement,9,urgency,3,5,4,4,Female,Yes,30
14511,survey-multi-choice,2,8933,group2,high_entitlement,10,institution,5,6,4,6,Male,Yes,25
5406,survey-multi-choice,3,8933,group2,low_entitlement,7,urgency,6,5,6,5,Male,Yes,25
8678,survey-multi-choice,4,8933,group2,high_entitlement,6,institution,6,5,6,7,Male,Yes,25
5458,survey-multi-choice,5,8933,group2,low_entitlement,3,relationship,6,7,5,6,Male,Yes,25
3773,survey-multi-choice,6,8933,group2,low_entitlement,5,institution,6,5,6,7,Male,Yes,25
6331,survey-multi-choice,7,8933,group2,low_entitlement,1,interaction,7,5,6,5,Male,Yes,25
5295,survey-multi-choice,8,8933,group2,high_entitlement,2,interaction,6,5,6,7,Male,Yes,25
5985,survey-multi-choice,9,8933,group2,low_entitlement,9,urgency,7,6,5,6,Male,Yes,25
5786,survey-multi-choice,10,8933,group2,high_entitlement,4,relationship,7,6,5,6,Male,Yes,25
4682,survey-multi-choice,11,8933,group2,high_entitlement,8,urgency,7,5,6,5,Male,Yes,25
62478,survey-multi-choice,2,89967,group2,high_entitlement,10,institution,3,1,3,7,Male,Yes,43
43957,survey-multi-choice,3,89967,group2,low_entitlement,1,interaction,4,5,4,5,Male,Yes,43
37716,survey-multi-choice,4,89967,group2,high_entitlement,2,interaction,4,5,6,5,Male,Yes,43
26731,survey-multi-choice,5,89967,group2,low_entitlement,7,urgency,6,6,5,6,Male,Yes,43
30290,survey-multi-choice,6,89967,group2,high_entitlement,6,institution,2,1,3,7,Male,Yes,43
22361,survey-multi-choice,7,89967,group2,low_entitlement,5,institution,4,1,3,7,Male,Yes,43
21306,survey-multi-choice,8,89967,group2,low_entitlement,9,urgency,4,6,2,6,Male,Yes,43
29625,survey-multi-choice,9,89967,group2,low_entitlement,3,relationship,7,4,6,2,Male,Yes,43
20081,survey-multi-choice,10,89967,group2,high_entitlement,4,relationship,4,7,4,7,Male,Yes,43
18322,survey-multi-choice,11,89967,group2,high_entitlement,8,urgency,5,6,4,7,Male,Yes,43
24154,survey-multi-choice,2,9161,group2,low_entitlement,9,urgency,4,6,5,5,Male,Yes,52
20584,survey-multi-choice,3,9161,group2,high_entitlement,6,institution,6,5,4,4,Male,Yes,52
12483,survey-multi-choice,4,9161,group2,low_entitlement,1,interaction,4,5,5,4,Male,Yes,52
10368,survey-multi-choice,5,9161,group2,high_entitlement,2,interaction,7,6,6,5,Male,Yes,52
10765,survey-multi-choice,6,9161,group2,low_entitlement,5,institution,7,6,5,4,Male,Yes,52
7763,survey-multi-choice,7,9161,group2,high_entitlement,4,relationship,NA,5,5,6,Male,Yes,52
8652,survey-multi-choice,8,9161,group2,high_entitlement,10,institution,6,5,5,4,Male,Yes,52
8451,survey-multi-choice,9,9161,group2,high_entitlement,8,urgency,7,4,5,5,Male,Yes,52
9055,survey-multi-choice,10,9161,group2,low_entitlement,3,relationship,6,5,5,6,Male,Yes,52
13779,survey-multi-choice,11,9161,group2,low_entitlement,7,urgency,6,5,6,5,Male,Yes,52
28795,survey-multi-choice,2,94809,group2,high_entitlement,2,interaction,2,4,5,7,Female,Yes,51
18839,survey-multi-choice,3,94809,group2,high_entitlement,4,relationship,4,7,3,6,Female,Yes,51
29302,survey-multi-choice,4,94809,group2,high_entitlement,8,urgency,4,5,3,7,Female,Yes,51
18637,survey-multi-choice,5,94809,group2,low_entitlement,9,urgency,4,6,2,4,Female,Yes,51
21618,survey-multi-choice,6,94809,group2,low_entitlement,7,urgency,5,6,6,4,Female,Yes,51
24059,survey-multi-choice,7,94809,group2,high_entitlement,6,institution,6,2,2,7,Female,Yes,51
21123,survey-multi-choice,8,94809,group2,high_entitlement,10,institution,6,1,1,7,Female,Yes,51
20347,survey-multi-choice,9,94809,group2,low_entitlement,3,relationship,6,1,2,6,Female,Yes,51
18536,survey-multi-choice,10,94809,group2,low_entitlement,5,institution,6,1,5,4,Female,Yes,51
52422,survey-multi-choice,11,94809,group2,low_entitlement,1,interaction,2,4,1,7,Female,Yes,51
86106,survey-multi-choice,2,95125,group1,low_entitlement,2,interaction,7,6,6,5,Female,Yes,34
29450,survey-multi-choice,3,95125,group1,high_entitlement,9,urgency,7,5,2,1,Female,Yes,34
42059,survey-multi-choice,4,95125,group1,high_entitlement,1,interaction,3,5,2,6,Female,Yes,34
30575,survey-multi-choice,5,95125,group1,high_entitlement,5,institution,7,2,NA,7,Female,Yes,34
400824,survey-multi-choice,6,95125,group1,low_entitlement,4,relationship,6,4,NA,4,Female,Yes,34
33025,survey-multi-choice,7,95125,group1,low_entitlement,10,institution,5,1,2,7,Female,Yes,34
34958,survey-multi-choice,8,95125,group1,high_entitlement,7,urgency,7,6,5,2,Female,Yes,34
43810,survey-multi-choice,9,95125,group1,high_entitlement,3,relationship,1,3,2,7,Female,Yes,34
27881,survey-multi-choice,10,95125,group1,low_entitlement,6,institution,6,1,1,7,Female,Yes,34
31289,survey-multi-choice,11,95125,group1,low_entitlement,8,urgency,6,6,4,2,Female,Yes,34
23052,survey-multi-choice,2,95413,group2,high_entitlement,2,interaction,4,6,5,5,Female,Yes,31
39317,survey-multi-choice,3,95413,group2,low_entitlement,9,urgency,1,7,1,3,Female,Yes,31
16361,survey-multi-choice,4,95413,group2,high_entitlement,6,institution,7,1,1,7,Female,Yes,31
25910,survey-multi-choice,5,95413,group2,high_entitlement,4,relationship,1,7,4,7,Female,Yes,31
17435,survey-multi-choice,6,95413,group2,high_entitlement,8,urgency,6,7,4,7,Female,Yes,31
14563,survey-multi-choice,7,95413,group2,low_entitlement,3,relationship,7,1,2,6,Female,Yes,31
26347,survey-multi-choice,8,95413,group2,low_entitlement,1,interaction,5,3,5,4,Female,Yes,31
16292,survey-multi-choice,9,95413,group2,low_entitlement,7,urgency,6,6,4,3,Female,Yes,31
20907,survey-multi-choice,10,95413,group2,high_entitlement,10,institution,5,1,1,7,Female,Yes,31
15485,survey-multi-choice,11,95413,group2,low_entitlement,5,institution,6,1,4,5,Female,Yes,31
14807,survey-multi-choice,2,95438,group1,low_entitlement,6,institution,5,6,6,7,Male,Yes,29
19952,survey-multi-choice,3,95438,group1,high_entitlement,1,interaction,6,7,7,6,Male,Yes,29
4381,survey-multi-choice,4,95438,group1,high_entitlement,7,urgency,5,6,6,7,Male,Yes,29
4974,survey-multi-choice,5,95438,group1,low_entitlement,10,institution,6,7,7,6,Male,Yes,29
4088,survey-multi-choice,6,95438,group1,low_entitlement,8,urgency,5,5,6,6,Male,Yes,29
4752,survey-multi-choice,7,95438,group1,low_entitlement,2,interaction,5,6,6,7,Male,Yes,29
5691,survey-multi-choice,8,95438,group1,high_entitlement,5,institution,7,6,6,7,Male,Yes,29
5411,survey-multi-choice,9,95438,group1,high_entitlement,9,urgency,6,5,5,6,Male,Yes,29
5373,survey-multi-choice,10,95438,group1,high_entitlement,3,relationship,6,7,6,6,Male,Yes,29
5467,survey-multi-choice,11,95438,group1,low_entitlement,4,relationship,5,6,6,6,Male,Yes,29
49180,survey-multi-choice,2,95684,group2,high_entitlement,8,urgency,4,6,3,3,Male,Yes,28
19243,survey-multi-choice,3,95684,group2,high_entitlement,4,relationship,6,5,5,6,Male,Yes,28
15076,survey-multi-choice,4,95684,group2,low_entitlement,3,relationship,3,2,6,5,Male,Yes,28
13774,survey-multi-choice,5,95684,group2,low_entitlement,7,urgency,3,4,3,5,Male,Yes,28
29116,survey-multi-choice,6,95684,group2,high_entitlement,10,institution,6,6,7,7,Male,Yes,28
16029,survey-multi-choice,7,95684,group2,low_entitlement,1,interaction,7,6,7,7,Male,Yes,28
28540,survey-multi-choice,8,95684,group2,low_entitlement,5,institution,7,7,7,7,Male,Yes,28
12179,survey-multi-choice,9,95684,group2,low_entitlement,9,urgency,6,5,6,5,Male,Yes,28
15387,survey-multi-choice,10,95684,group2,high_entitlement,2,interaction,7,7,7,6,Male,Yes,28
11130,survey-multi-choice,11,95684,group2,high_entitlement,6,institution,4,3,3,4,Male,Yes,28
14859,survey-multi-choice,2,97599,group2,high_entitlement,10,institution,5,1,7,6,Female,Yes,29
9489,survey-multi-choice,3,97599,group2,high_entitlement,6,institution,1,1,1,7,Female,Yes,29
8525,survey-multi-choice,4,97599,group2,high_entitlement,4,relationship,4,7,1,7,Female,Yes,29
12748,survey-multi-choice,5,97599,group2,low_entitlement,5,institution,1,1,5,1,Female,Yes,29
9858,survey-multi-choice,6,97599,group2,low_entitlement,7,urgency,4,6,4,4,Female,Yes,29
11607,survey-multi-choice,7,97599,group2,low_entitlement,9,urgency,4,6,3,2,Female,Yes,29
16323,survey-multi-choice,8,97599,group2,low_entitlement,3,relationship,7,2,4,5,Female,Yes,29
12876,survey-multi-choice,9,97599,group2,high_entitlement,2,interaction,4,7,6,7,Female,Yes,29
9917,survey-multi-choice,10,97599,group2,high_entitlement,8,urgency,4,6,1,7,Female,Yes,29
11914,survey-multi-choice,11,97599,group2,low_entitlement,1,interaction,4,7,7,1,Female,Yes,29
23143,survey-multi-choice,2,98025,group1,high_entitlement,9,urgency,2,6,1,1,Male,Yes,33
22448,survey-multi-choice,3,98025,group1,high_entitlement,1,interaction,1,5,1,1,Male,Yes,33
13495,survey-multi-choice,4,98025,group1,low_entitlement,10,institution,NA,1,1,1,Male,Yes,33
15010,survey-multi-choice,5,98025,group1,high_entitlement,7,urgency,2,6,4,2,Male,Yes,33
24491,survey-multi-choice,6,98025,group1,high_entitlement,3,relationship,1,4,2,3,Male,Yes,33
21172,survey-multi-choice,7,98025,group1,low_entitlement,6,institution,5,1,1,1,Male,Yes,33
13813,survey-multi-choice,8,98025,group1,high_entitlement,5,institution,6,1,1,1,Male,Yes,33
16668,survey-multi-choice,9,98025,group1,low_entitlement,4,relationship,4,3,5,3,Male,Yes,33
13497,survey-multi-choice,10,98025,group1,low_entitlement,8,urgency,4,5,3,3,Male,Yes,33
18030,survey-multi-choice,11,98025,group1,low_entitlement,2,interaction,4,5,5,5,Male,Yes,33
17907,survey-multi-choice,2,99004,group2,low_entitlement,9,urgency,4,6,2,7,Female,Yes,34
13258,survey-multi-choice,3,99004,group2,high_entitlement,4,relationship,4,7,5,7,Female,Yes,34
14667,survey-multi-choice,4,99004,group2,high_entitlement,2,interaction,4,5,5,7,Female,Yes,34
12067,survey-multi-choice,5,99004,group2,low_entitlement,5,institution,6,1,3,7,Female,Yes,34
13187,survey-multi-choice,6,99004,group2,low_entitlement,7,urgency,5,6,5,7,Female,Yes,34
13178,survey-multi-choice,7,99004,group2,low_entitlement,3,relationship,6,3,3,7,Female,Yes,34
22178,survey-multi-choice,8,99004,group2,low_entitlement,1,interaction,4,5,5,6,Female,Yes,34
13731,survey-multi-choice,9,99004,group2,high_entitlement,10,institution,6,1,1,7,Female,Yes,34
14298,survey-multi-choice,10,99004,group2,high_entitlement,8,urgency,4,6,4,7,Female,Yes,34
11011,survey-multi-choice,11,99004,group2,high_entitlement,6,institution,5,2,1,7,Female,Yes,34